scope_id,league_id,team_id,team_name,player_id,display_name,candidate_id,candidate_rank,candidate_status,source_url,source_domain,source_tier,source_platform,source_kind,candidate_method,page_title,canonical_url,referring_roster_url,photo_candidate_url,local_candidate_path,local_candidate_exists,image_width,image_height,file_sha256,license_hint,rights_note,attribution_text,identity_evidence_notes,team_context_match,jersey_context_notes,identity_risk_flags,manual_review_status,approval_status,review_only,publish_ready,auto_approval,auto_publish,move_files,paid_apis,asset_downloads,notes
nwsl,nwsl,angel_city_fc,Angel City FC,,operator_add_player_candidate,angel_city_fc_operator_add_candidate,999,operator_add_candidate,https://www.nwslsoccer.com/teams/9587b8ce40624165903b6bc9fd252634/angel-city-fc/roster,www.nwslsoccer.com,public_or_official_candidate,manual_research,roster_or_public_profile_candidate,manual_candidate_layer_placeholder,,https://www.nwslsoccer.com/teams/9587b8ce40624165903b6bc9fd252634/angel-city-fc/roster,https://www.nwslsoccer.com/teams/9587b8ce40624165903b6bc9fd252634/angel-city-fc/roster,,assets/leagues/womens_soccer/nwsl/nwsl/teams/angel_city_fc/athletes/operator_fill_required/review_candidates/angel_city_fc_operator_add_candidate.png,false,,,,operator_review_required,review_only_fair_use_tolerant_candidate; no renderer approval,,"Add exact player name, current team evidence, and source URL before approval.",operator_fill_required,,missing_player_identity_candidate,operator_fill_required,not_approved,true,false,false,false,false,false,false,Starter row only; replace with one row per athlete photo candidate.
nwsl,nwsl,bay_fc,Bay FC,,operator_add_player_candidate,bay_fc_operator_add_candidate,999,operator_add_candidate,https://www.nwslsoccer.com/teams/19674698cec24f53af8866cd21abaf8f/bay-fc/roster,www.nwslsoccer.com,public_or_official_candidate,manual_research,roster_or_public_profile_candidate,manual_candidate_layer_placeholder,,https://www.nwslsoccer.com/teams/19674698cec24f53af8866cd21abaf8f/bay-fc/roster,https://www.nwslsoccer.com/teams/19674698cec24f53af8866cd21abaf8f/bay-fc/roster,,assets/leagues/womens_soccer/nwsl/nwsl/teams/bay_fc/athletes/operator_fill_required/review_candidates/bay_fc_operator_add_candidate.png,false,,,,operator_review_required,review_only_fair_use_tolerant_candidate; no renderer approval,,"Add exact player name, current team evidence, and source URL before approval.",operator_fill_required,,missing_player_identity_candidate,operator_fill_required,not_approved,true,false,false,false,false,false,false,Starter row only; replace with one row per athlete photo candidate.
nwsl,nwsl,boston_legacy_fc,Boston Legacy FC,,operator_add_player_candidate,boston_legacy_fc_operator_add_candidate,999,operator_add_candidate,https://www.nwslsoccer.com/teams/d2d8efe548734dfd8bc667b5a52a079a/boston-legacy-fc/roster,www.nwslsoccer.com,public_or_official_candidate,manual_research,roster_or_public_profile_candidate,manual_candidate_layer_placeholder,,https://www.nwslsoccer.com/teams/d2d8efe548734dfd8bc667b5a52a079a/boston-legacy-fc/roster,https://www.nwslsoccer.com/teams/d2d8efe548734dfd8bc667b5a52a079a/boston-legacy-fc/roster,,assets/leagues/womens_soccer/nwsl/nwsl/teams/boston_legacy_fc/athletes/operator_fill_required/review_candidates/boston_legacy_fc_operator_add_candidate.png,false,,,,operator_review_required,review_only_fair_use_tolerant_candidate; no renderer approval,,"Add exact player name, current team evidence, and source URL before approval.",operator_fill_required,,missing_player_identity_candidate,operator_fill_required,not_approved,true,false,false,false,false,false,false,Starter row only; replace with one row per athlete photo candidate.
nwsl,nwsl,chicago_stars_fc,Chicago Stars FC,,operator_add_player_candidate,chicago_stars_fc_operator_add_candidate,999,operator_add_candidate,https://www.nwslsoccer.com/teams/269e825b853f4b43a9d38390aa92bf6e/chicago-stars-fc/roster,www.nwslsoccer.com,public_or_official_candidate,manual_research,roster_or_public_profile_candidate,manual_candidate_layer_placeholder,,https://www.nwslsoccer.com/teams/269e825b853f4b43a9d38390aa92bf6e/chicago-stars-fc/roster,https://www.nwslsoccer.com/teams/269e825b853f4b43a9d38390aa92bf6e/chicago-stars-fc/roster,,assets/leagues/womens_soccer/nwsl/nwsl/teams/chicago_stars_fc/athletes/operator_fill_required/review_candidates/chicago_stars_fc_operator_add_candidate.png,false,,,,operator_review_required,review_only_fair_use_tolerant_candidate; no renderer approval,,"Add exact player name, current team evidence, and source URL before approval.",operator_fill_required,,missing_player_identity_candidate,operator_fill_required,not_approved,true,false,false,false,false,false,false,Starter row only; replace with one row per athlete photo candidate.
nwsl,nwsl,denver_summit_fc,Denver Summit FC,,operator_add_player_candidate,denver_summit_fc_operator_add_candidate,999,operator_add_candidate,https://www.nwslsoccer.com/teams/cbfcacbef5bc4a278442c00926ac9ebc/denver-summit-fc/roster,www.nwslsoccer.com,public_or_official_candidate,manual_research,roster_or_public_profile_candidate,manual_candidate_layer_placeholder,,https://www.nwslsoccer.com/teams/cbfcacbef5bc4a278442c00926ac9ebc/denver-summit-fc/roster,https://www.nwslsoccer.com/teams/cbfcacbef5bc4a278442c00926ac9ebc/denver-summit-fc/roster,,assets/leagues/womens_soccer/nwsl/nwsl/teams/denver_summit_fc/athletes/operator_fill_required/review_candidates/denver_summit_fc_operator_add_candidate.png,false,,,,operator_review_required,review_only_fair_use_tolerant_candidate; no renderer approval,,"Add exact player name, current team evidence, and source URL before approval.",operator_fill_required,,missing_player_identity_candidate,operator_fill_required,not_approved,true,false,false,false,false,false,false,Starter row only; replace with one row per athlete photo candidate.
nwsl,nwsl,gotham_fc,Gotham FC,,operator_add_player_candidate,gotham_fc_operator_add_candidate,999,operator_add_candidate,https://www.nwslsoccer.com/teams/c83f2ca05aa84c738b5373f0d2a31b39/nj-ny-gotham-fc/roster,www.nwslsoccer.com,public_or_official_candidate,manual_research,roster_or_public_profile_candidate,manual_candidate_layer_placeholder,,https://www.nwslsoccer.com/teams/c83f2ca05aa84c738b5373f0d2a31b39/nj-ny-gotham-fc/roster,https://www.nwslsoccer.com/teams/c83f2ca05aa84c738b5373f0d2a31b39/nj-ny-gotham-fc/roster,,assets/leagues/womens_soccer/nwsl/nwsl/teams/gotham_fc/athletes/operator_fill_required/review_candidates/gotham_fc_operator_add_candidate.png,false,,,,operator_review_required,review_only_fair_use_tolerant_candidate; no renderer approval,,"Add exact player name, current team evidence, and source URL before approval.",operator_fill_required,,missing_player_identity_candidate,operator_fill_required,not_approved,true,false,false,false,false,false,false,Starter row only; replace with one row per athlete photo candidate.
nwsl,nwsl,houston_dash,Houston Dash,,operator_add_player_candidate,houston_dash_operator_add_candidate,999,operator_add_candidate,https://www.nwslsoccer.com/teams/ca3f464d6b794a9087d441d75961403f/houston-dash/roster,www.nwslsoccer.com,public_or_official_candidate,manual_research,roster_or_public_profile_candidate,manual_candidate_layer_placeholder,,https://www.nwslsoccer.com/teams/ca3f464d6b794a9087d441d75961403f/houston-dash/roster,https://www.nwslsoccer.com/teams/ca3f464d6b794a9087d441d75961403f/houston-dash/roster,,assets/leagues/womens_soccer/nwsl/nwsl/teams/houston_dash/athletes/operator_fill_required/review_candidates/houston_dash_operator_add_candidate.png,false,,,,operator_review_required,review_only_fair_use_tolerant_candidate; no renderer approval,,"Add exact player name, current team evidence, and source URL before approval.",operator_fill_required,,missing_player_identity_candidate,operator_fill_required,not_approved,true,false,false,false,false,false,false,Starter row only; replace with one row per athlete photo candidate.
nwsl,nwsl,kansas_city_current,Kansas City Current,,operator_add_player_candidate,kansas_city_current_operator_add_candidate,999,operator_add_candidate,https://www.nwslsoccer.com/teams/2c1699409ff84c9eb491aeaca3d3edde/kansas-city-current/roster,www.nwslsoccer.com,public_or_official_candidate,manual_research,roster_or_public_profile_candidate,manual_candidate_layer_placeholder,,https://www.nwslsoccer.com/teams/2c1699409ff84c9eb491aeaca3d3edde/kansas-city-current/roster,https://www.nwslsoccer.com/teams/2c1699409ff84c9eb491aeaca3d3edde/kansas-city-current/roster,,assets/leagues/womens_soccer/nwsl/nwsl/teams/kansas_city_current/athletes/operator_fill_required/review_candidates/kansas_city_current_operator_add_candidate.png,false,,,,operator_review_required,review_only_fair_use_tolerant_candidate; no renderer approval,,"Add exact player name, current team evidence, and source URL before approval.",operator_fill_required,,missing_player_identity_candidate,operator_fill_required,not_approved,true,false,false,false,false,false,false,Starter row only; replace with one row per athlete photo candidate.
nwsl,nwsl,north_carolina_courage,North Carolina Courage,,operator_add_player_candidate,north_carolina_courage_operator_add_candidate,999,operator_add_candidate,https://www.nwslsoccer.com/teams/fb41ef4439dd495098cb6d40415767cc/north-carolina-courage/roster,www.nwslsoccer.com,public_or_official_candidate,manual_research,roster_or_public_profile_candidate,manual_candidate_layer_placeholder,,https://www.nwslsoccer.com/teams/fb41ef4439dd495098cb6d40415767cc/north-carolina-courage/roster,https://www.nwslsoccer.com/teams/fb41ef4439dd495098cb6d40415767cc/north-carolina-courage/roster,,assets/leagues/womens_soccer/nwsl/nwsl/teams/north_carolina_courage/athletes/operator_fill_required/review_candidates/north_carolina_courage_operator_add_candidate.png,false,,,,operator_review_required,review_only_fair_use_tolerant_candidate; no renderer approval,,"Add exact player name, current team evidence, and source URL before approval.",operator_fill_required,,missing_player_identity_candidate,operator_fill_required,not_approved,true,false,false,false,false,false,false,Starter row only; replace with one row per athlete photo candidate.
nwsl,nwsl,orlando_pride,Orlando Pride,,operator_add_player_candidate,orlando_pride_operator_add_candidate,999,operator_add_candidate,https://www.nwslsoccer.com/teams/c3e9513e280b41e5bfbb8230076e8c43/orlando-pride/roster,www.nwslsoccer.com,public_or_official_candidate,manual_research,roster_or_public_profile_candidate,manual_candidate_layer_placeholder,,https://www.nwslsoccer.com/teams/c3e9513e280b41e5bfbb8230076e8c43/orlando-pride/roster,https://www.nwslsoccer.com/teams/c3e9513e280b41e5bfbb8230076e8c43/orlando-pride/roster,,assets/leagues/womens_soccer/nwsl/nwsl/teams/orlando_pride/athletes/operator_fill_required/review_candidates/orlando_pride_operator_add_candidate.png,false,,,,operator_review_required,review_only_fair_use_tolerant_candidate; no renderer approval,,"Add exact player name, current team evidence, and source URL before approval.",operator_fill_required,,missing_player_identity_candidate,operator_fill_required,not_approved,true,false,false,false,false,false,false,Starter row only; replace with one row per athlete photo candidate.
nwsl,nwsl,portland_thorns_fc,Portland Thorns FC,,operator_add_player_candidate,portland_thorns_fc_operator_add_candidate,999,operator_add_candidate,https://www.nwslsoccer.com/teams/96ba7b37bd8544a1a7329183459150ff/portland-thorns-fc/roster,www.nwslsoccer.com,public_or_official_candidate,manual_research,roster_or_public_profile_candidate,manual_candidate_layer_placeholder,,https://www.nwslsoccer.com/teams/96ba7b37bd8544a1a7329183459150ff/portland-thorns-fc/roster,https://www.nwslsoccer.com/teams/96ba7b37bd8544a1a7329183459150ff/portland-thorns-fc/roster,,assets/leagues/womens_soccer/nwsl/nwsl/teams/portland_thorns_fc/athletes/operator_fill_required/review_candidates/portland_thorns_fc_operator_add_candidate.png,false,,,,operator_review_required,review_only_fair_use_tolerant_candidate; no renderer approval,,"Add exact player name, current team evidence, and source URL before approval.",operator_fill_required,,missing_player_identity_candidate,operator_fill_required,not_approved,true,false,false,false,false,false,false,Starter row only; replace with one row per athlete photo candidate.
nwsl,nwsl,racing_louisville_fc,Racing Louisville FC,,operator_add_player_candidate,racing_louisville_fc_operator_add_candidate,999,operator_add_candidate,https://www.nwslsoccer.com/teams/ac29701756da44a08457762380c10733/racing-louisville-fc/roster,www.nwslsoccer.com,public_or_official_candidate,manual_research,roster_or_public_profile_candidate,manual_candidate_layer_placeholder,,https://www.nwslsoccer.com/teams/ac29701756da44a08457762380c10733/racing-louisville-fc/roster,https://www.nwslsoccer.com/teams/ac29701756da44a08457762380c10733/racing-louisville-fc/roster,,assets/leagues/womens_soccer/nwsl/nwsl/teams/racing_louisville_fc/athletes/operator_fill_required/review_candidates/racing_louisville_fc_operator_add_candidate.png,false,,,,operator_review_required,review_only_fair_use_tolerant_candidate; no renderer approval,,"Add exact player name, current team evidence, and source URL before approval.",operator_fill_required,,missing_player_identity_candidate,operator_fill_required,not_approved,true,false,false,false,false,false,false,Starter row only; replace with one row per athlete photo candidate.
nwsl,nwsl,san_diego_wave_fc,San Diego Wave FC,,operator_add_player_candidate,san_diego_wave_fc_operator_add_candidate,999,operator_add_candidate,https://www.nwslsoccer.com/teams/ca719042b34443c4bcfe380ca4850eaf/san-diego-wave-fc/roster,www.nwslsoccer.com,public_or_official_candidate,manual_research,roster_or_public_profile_candidate,manual_candidate_layer_placeholder,,https://www.nwslsoccer.com/teams/ca719042b34443c4bcfe380ca4850eaf/san-diego-wave-fc/roster,https://www.nwslsoccer.com/teams/ca719042b34443c4bcfe380ca4850eaf/san-diego-wave-fc/roster,,assets/leagues/womens_soccer/nwsl/nwsl/teams/san_diego_wave_fc/athletes/operator_fill_required/review_candidates/san_diego_wave_fc_operator_add_candidate.png,false,,,,operator_review_required,review_only_fair_use_tolerant_candidate; no renderer approval,,"Add exact player name, current team evidence, and source URL before approval.",operator_fill_required,,missing_player_identity_candidate,operator_fill_required,not_approved,true,false,false,false,false,false,false,Starter row only; replace with one row per athlete photo candidate.
nwsl,nwsl,seattle_reign,Seattle Reign,,operator_add_player_candidate,seattle_reign_operator_add_candidate,999,operator_add_candidate,https://www.nwslsoccer.com/teams/1151140adfc24339ba1c93cb0b6b0238/seattle-reign/roster,www.nwslsoccer.com,public_or_official_candidate,manual_research,roster_or_public_profile_candidate,manual_candidate_layer_placeholder,,https://www.nwslsoccer.com/teams/1151140adfc24339ba1c93cb0b6b0238/seattle-reign/roster,https://www.nwslsoccer.com/teams/1151140adfc24339ba1c93cb0b6b0238/seattle-reign/roster,,assets/leagues/womens_soccer/nwsl/nwsl/teams/seattle_reign/athletes/operator_fill_required/review_candidates/seattle_reign_operator_add_candidate.png,false,,,,operator_review_required,review_only_fair_use_tolerant_candidate; no renderer approval,,"Add exact player name, current team evidence, and source URL before approval.",operator_fill_required,,missing_player_identity_candidate,operator_fill_required,not_approved,true,false,false,false,false,false,false,Starter row only; replace with one row per athlete photo candidate.
nwsl,nwsl,utah_royals_fc,Utah Royals FC,,operator_add_player_candidate,utah_royals_fc_operator_add_candidate,999,operator_add_candidate,https://www.nwslsoccer.com/teams/acffc559cf7d485a9c05fa23ab57054b/utah-royals-fc/roster,www.nwslsoccer.com,public_or_official_candidate,manual_research,roster_or_public_profile_candidate,manual_candidate_layer_placeholder,,https://www.nwslsoccer.com/teams/acffc559cf7d485a9c05fa23ab57054b/utah-royals-fc/roster,https://www.nwslsoccer.com/teams/acffc559cf7d485a9c05fa23ab57054b/utah-royals-fc/roster,,assets/leagues/womens_soccer/nwsl/nwsl/teams/utah_royals_fc/athletes/operator_fill_required/review_candidates/utah_royals_fc_operator_add_candidate.png,false,,,,operator_review_required,review_only_fair_use_tolerant_candidate; no renderer approval,,"Add exact player name, current team evidence, and source URL before approval.",operator_fill_required,,missing_player_identity_candidate,operator_fill_required,not_approved,true,false,false,false,false,false,false,Starter row only; replace with one row per athlete photo candidate.
nwsl,nwsl,washington_spirit,Washington Spirit,,operator_add_player_candidate,washington_spirit_operator_add_candidate,999,operator_add_candidate,https://www.nwslsoccer.com/teams/c31d72afc09f42ee86418633aa41390a/washington-spirit/roster,www.nwslsoccer.com,public_or_official_candidate,manual_research,roster_or_public_profile_candidate,manual_candidate_layer_placeholder,,https://www.nwslsoccer.com/teams/c31d72afc09f42ee86418633aa41390a/washington-spirit/roster,https://www.nwslsoccer.com/teams/c31d72afc09f42ee86418633aa41390a/washington-spirit/roster,,assets/leagues/womens_soccer/nwsl/nwsl/teams/washington_spirit/athletes/operator_fill_required/review_candidates/washington_spirit_operator_add_candidate.png,false,,,,operator_review_required,review_only_fair_use_tolerant_candidate; no renderer approval,,"Add exact player name, current team evidence, and source URL before approval.",operator_fill_required,,missing_player_identity_candidate,operator_fill_required,not_approved,true,false,false,false,false,false,false,Starter row only; replace with one row per athlete photo candidate.
