source_priority_rank,source_review_bucket,source_candidate_level,research_lane,scope_id,league_id,league_name,team_id,team_name,player_name,issue_type,operator_action,source_priority,official_status,confidence,operator_verify_required,source_domain,candidate_entity_id,source_candidate_url,linked_queue_bucket,linked_first_action_bucket,linked_missing_local_candidate_rows,render_readiness,safe_next_action,download_approved,source_url,entity_id,rights_class,identity_confidence,intended_review_only_use,operator_decision,operator_notes,review_only,approval_state_change,candidate_state_change,asset_downloads,headshot_writes,approved_marker_writes,publish_ready,auto_approval,auto_publish,move_files,paid_apis
1,1_nwsl_p0_roster_source_check,official_source_candidate,nwsl_correction_enrichment,nwsl,nwsl,National Women's Soccer League,angel_city_fc,Angel City FC,Kennedy Fuller,stale_team_assignment_duplicate_identity,reconcile_duplicate_identity,P0,official_team,high,yes,bayfc.com,angel_city_fc,https://bayfc.com/press-releases/bay-fc-acquire-midfielder-kennedy-fuller-from-angel-city-fc-20260612/,p0_nwsl_roster_verification_first,1_roster_verification,26,not_render_ready_review_only,Open the official NWSL/team source page and verify current roster metadata only; no candidate-state writeback.,no,,,,,,,,true,false,false,false,false,false,false,false,false,false,false
2,1_nwsl_p0_roster_source_check,official_source_candidate,nwsl_correction_enrichment,nwsl,nwsl,National Women's Soccer League,angel_city_fc,Angel City FC,Maithé López,missing_player_profile_candidate,add_candidate_metadata,P0,official_team,high,yes,angelcity.com,angel_city_fc,https://angelcity.com/acfc-post/angel-city-football-club-loans-forward-maithe-lopez-to-vancouver-rise-fc,p0_nwsl_roster_verification_first,1_roster_verification,26,not_render_ready_review_only,Open the official NWSL/team source page and verify current roster metadata only; no candidate-state writeback.,no,,,,,,,,true,false,false,false,false,false,false,false,false,false,false
3,1_nwsl_p0_roster_source_check,official_source_candidate,nwsl_correction_enrichment,nwsl,nwsl,National Women's Soccer League,angel_city_fc,Angel City FC,Rajanah Reed,expired_replacement_player_candidate,hold_candidate_for_review,P0,official_team,high,yes,angelcity.com,angel_city_fc,https://angelcity.com/acfc-post/angel-city-signs-forward-rajanah-reed,p0_nwsl_roster_verification_first,1_roster_verification,26,not_render_ready_review_only,Open the official NWSL/team source page and verify current roster metadata only; no candidate-state writeback.,no,,,,,,,,true,false,false,false,false,false,false,false,false,false,false
4,1_nwsl_p0_roster_source_check,official_source_candidate,nwsl_correction_enrichment,nwsl,nwsl,National Women's Soccer League,boston_legacy_fc_chicago_stars_fc,Boston Legacy FC / Chicago Stars FC,Sam Cary Angel,loan_duplicate_needs_status_metadata,add_loan_status_metadata,P0,official_team,high,yes,bostonlegacyfc.com,boston_legacy_fc_chicago_stars_fc,https://bostonlegacyfc.com/blogs/press/boston-legacy-fc-samantha-angel-loan-chicago-stars,,,,not_render_ready_review_only,Open the official NWSL/team source page and verify current roster metadata only; no candidate-state writeback.,no,,,,,,,,true,false,false,false,false,false,false,false,false,false,false
5,1_nwsl_p0_roster_source_check,official_source_candidate,nwsl_correction_enrichment,nwsl,nwsl,National Women's Soccer League,denver_summit_fc,Denver Summit FC,Lindsey Heaps; Jordan Baggett,missing_player_profile_candidate; stale_player_candidate,add_candidate_metadata; hold_candidate_for_review,P0,official_team,high; medium,yes,www.denversummitfc.com,denver_summit_fc,https://www.denversummitfc.com/roster/,p0_nwsl_roster_verification_first,1_roster_verification,26,not_render_ready_review_only,Open the official NWSL/team source page and verify current roster metadata only; no candidate-state writeback.,no,,,,,,,,true,false,false,false,false,false,false,false,false,false,false
6,1_nwsl_p0_roster_source_check,official_source_candidate,nwsl_correction_enrichment,nwsl,nwsl,National Women's Soccer League,gotham_fc,Gotham FC,Lilly Reale,stale_team_assignment_duplicate_identity,reconcile_duplicate_identity,P0,official_team,high,yes,www.gothamfc.com,gotham_fc,https://www.gothamfc.com/news/gotham-fc-trades-defender-lilly-reale-to-boston-legacy-fc,p0_nwsl_roster_verification_first,1_roster_verification,27,not_render_ready_review_only,Open the official NWSL/team source page and verify current roster metadata only; no candidate-state writeback.,no,,,,,,,,true,false,false,false,false,false,false,false,false,false,false
7,1_nwsl_p0_roster_source_check,official_source_candidate,nwsl_correction_enrichment,nwsl,nwsl,National Women's Soccer League,houston_dash,Houston Dash,Christen Westphal,stale_player_candidate,hold_candidate_for_review,P0,official_team,high,yes,www.houstondynamofc.com,houston_dash,https://www.houstondynamofc.com/houstondash/news/houston-dash-host-north-carolina-courage-for-kids-night,p0_nwsl_roster_verification_first,1_roster_verification,28,not_render_ready_review_only,Open the official NWSL/team source page and verify current roster metadata only; no candidate-state writeback.,no,,,,,,,,true,false,false,false,false,false,false,false,false,false,false
8,1_nwsl_p0_roster_source_check,official_source_candidate,nwsl_correction_enrichment,nwsl,nwsl,National Women's Soccer League,houston_dash,Houston Dash,Natalie Bain; Liz Beardsley; Zoe Matthews; Amanda West; Rebeca Costa da Silva; Jyllissa Harris,source_domain_change_candidate; missing_player_profile_candidate; loan_status_missing,add_source_candidate; add_candidate_metadata; add_loan_status_metadata,P1; P0,official_team,high,yes,www.houstondynamofc.com,houston_dash,https://www.houstondynamofc.com/houstondash/roster/,p0_nwsl_roster_verification_first,1_roster_verification,28,not_render_ready_review_only,Open the official NWSL/team source page and verify current roster metadata only; no candidate-state writeback.,no,,,,,,,,true,false,false,false,false,false,false,false,false,false,false
9,1_nwsl_p0_roster_source_check,official_source_candidate,nwsl_correction_enrichment,nwsl,nwsl,National Women's Soccer League,houston_dash,Houston Dash,Yazmeen Ryan; Delanie Sheehan,stale_team_assignment_duplicate_identity,reconcile_duplicate_identity,P0,official_team,high,yes,www.denversummitfc.com,houston_dash,https://www.denversummitfc.com/news/player-signings/denver-summit-fc-acquires-yazmeen-ryan-delanie-sheehan-from-houston-dash/,p0_nwsl_roster_verification_first,1_roster_verification,28,not_render_ready_review_only,Open the official NWSL/team source page and verify current roster metadata only; no candidate-state writeback.,no,,,,,,,,true,false,false,false,false,false,false,false,false,false,false
10,1_nwsl_p0_roster_source_check,official_source_candidate,nwsl_correction_enrichment,nwsl,nwsl,National Women's Soccer League,kansas_city_current,Kansas City Current,Ally Sentnor,stale_team_assignment_duplicate_identity,reconcile_duplicate_identity,P0,official_team,high,yes,angelcity.com,kansas_city_current,https://angelcity.com/acfc-post/acfc-signs-uswnt-midfielder-ally-sentnor-trade-with-kansas-city-current,p0_nwsl_roster_verification_first,1_roster_verification,31,not_render_ready_review_only,Open the official NWSL/team source page and verify current roster metadata only; no candidate-state writeback.,no,,,,,,,,true,false,false,false,false,false,false,false,false,false,false
11,1_nwsl_p0_roster_source_check,official_source_candidate,nwsl_correction_enrichment,nwsl,nwsl,National Women's Soccer League,portland_thorns_fc_utah_royals_fc,Portland Thorns FC / Utah Royals FC,Alexa Spaanstra,loan_duplicate_needs_status_metadata,add_loan_status_metadata,P0,official_team,high,yes,www.thorns.com,portland_thorns_fc_utah_royals_fc,https://www.thorns.com/news/forward-alexa-spaanstra-loaned-to-utah-royals-fc,,,,not_render_ready_review_only,Open the official NWSL/team source page and verify current roster metadata only; no candidate-state writeback.,no,,,,,,,,true,false,false,false,false,false,false,false,false,false,false
12,1_nwsl_p0_roster_source_check,official_source_candidate,nwsl_correction_enrichment,nwsl,nwsl,National Women's Soccer League,san_diego_wave_fc,San Diego Wave FC,Sandra Paños; Amelia Donna Van Zanten; Gabrielle Jordão Portilho; Ludmila da Silva; Maria Eduarda Rodrigues Silva,missing_player_profile_candidate; public_display_alias_review,add_candidate_metadata; add_alias_metadata,P0; P1,official_team,high,yes,sandiegowavefc.com,san_diego_wave_fc,https://sandiegowavefc.com/roster/,p0_nwsl_roster_verification_first,1_roster_verification,25,not_render_ready_review_only,Open the official NWSL/team source page and verify current roster metadata only; no candidate-state writeback.,no,,,,,,,,true,false,false,false,false,false,false,false,false,false,false
13,2_gray_area_or_reputable_manual_verify,gray_area_manual_verify,nwsl_correction_enrichment,nwsl,nwsl,National Women's Soccer League,gotham_fc,Gotham FC,Sam Kerr,gray_area_public_backup_candidate,park_gray_area_lead_for_manual_verification,P3,non_official_reputable_media,low,yes,www.reuters.com,gotham_fc,https://www.reuters.com/sports/soccer/reports-gotham-fc-set-reunion-with-f-sam-kerr--flm-2026-06-17/,p0_nwsl_roster_verification_first,1_roster_verification,27,not_render_ready_review_only,Park as a manual source lead until an official roster/profile page confirms it; do not treat it as official.,no,,,,,,,,true,false,false,false,false,false,false,false,false,false,false
14,2_gray_area_or_reputable_manual_verify,gray_area_manual_verify,europe_official_source_map,europe_top_flight,wsl_england,Women's Super League,all_teams_backup,ALL_TEAMS_BACKUP,,official_source_map,source_metadata_review_only,P2_NON_OFFICIAL_LEAGUE_BACKUP,non_official_public_database,medium,yes,soccerdonna.de,all_teams_backup,https://www.soccerdonna.de/en/womens-super-league/startseite/wettbewerb_ENG1.html,p1_europe_gray_area_source_review,2_source_verification_gray_or_reputable,12,not_render_ready_source_candidate_only,Park as a manual source lead until an official roster/profile page confirms it; do not treat it as official.,no,,,,,,,,true,false,false,false,false,false,false,false,false,false,false
15,2_gray_area_or_reputable_manual_verify,gray_area_manual_verify,europe_official_source_map,europe_top_flight,liga_f_spain,Liga F,all_teams_backup,ALL_TEAMS_BACKUP,,official_source_map,source_metadata_review_only,P2_NON_OFFICIAL_LEAGUE_BACKUP,non_official_public_database,medium,yes,soccerdonna.de,all_teams_backup,https://www.soccerdonna.de/en/primera-division-femenina/startseite/wettbewerb_ESP1.html,p1_europe_gray_area_source_review,2_source_verification_gray_or_reputable,16,not_render_ready_source_candidate_only,Park as a manual source lead until an official roster/profile page confirms it; do not treat it as official.,no,,,,,,,,true,false,false,false,false,false,false,false,false,false,false
16,2_gray_area_or_reputable_manual_verify,gray_area_manual_verify,europe_official_source_map,europe_top_flight,frauen_bundesliga_germany,Frauen-Bundesliga,all_teams_backup,ALL_TEAMS_BACKUP,,official_source_map,source_metadata_review_only,P2_GRAY_AREA_LEAGUE_BACKUP,gray_area_public_source,low_medium,yes,globalsportsarchive.com,all_teams_backup,https://globalsportsarchive.com/en/soccer/competition/google-pixel-frauen-bundesliga-2025-2026/76011,p1_europe_gray_area_source_review,2_source_verification_gray_or_reputable,14,not_render_ready_source_candidate_only,Park as a manual source lead until an official roster/profile page confirms it; do not treat it as official.,no,,,,,,,,true,false,false,false,false,false,false,false,false,false,false
17,2_gray_area_or_reputable_manual_verify,gray_area_manual_verify,europe_official_source_map,europe_top_flight,serie_a_women_italy,Serie A Women,all_teams_backup,ALL_TEAMS_BACKUP,,official_source_map,source_metadata_review_only,P2_NON_OFFICIAL_LEAGUE_BACKUP,non_official_public_database,medium,yes,soccerdonna.de,all_teams_backup,https://www.soccerdonna.de/en/serie-a-women/startseite/wettbewerb_IT1.html,p1_europe_gray_area_source_review,2_source_verification_gray_or_reputable,12,not_render_ready_source_candidate_only,Park as a manual source lead until an official roster/profile page confirms it; do not treat it as official.,no,,,,,,,,true,false,false,false,false,false,false,false,false,false,false
18,2_gray_area_or_reputable_manual_verify,gray_area_manual_verify,europe_official_source_map,europe_top_flight,serie_a_women_italy,Serie A Women,sassuolo_women,Sassuolo Women,,official_source_map,source_metadata_review_only,P1_NON_OFFICIAL_ROSTER_BACKUP,non_official_public_database,medium,yes,soccerdonna.de,sassuolo_women,https://www.soccerdonna.de/en/us-sassuolo/startseite/verein_6329.html,p1_europe_gray_area_source_review,2_source_verification_gray_or_reputable,12,not_render_ready_source_candidate_only,Park as a manual source lead until an official roster/profile page confirms it; do not treat it as official.,no,,,,,,,,true,false,false,false,false,false,false,false,false,false,false
19,2_gray_area_or_reputable_manual_verify,gray_area_manual_verify,europe_official_source_map,europe_top_flight,serie_a_women_italy,Serie A Women,ternana_women,Ternana Women,,official_source_map,source_metadata_review_only,P1_NON_OFFICIAL_ROSTER_BACKUP,non_official_public_database,medium,yes,soccerdonna.de,ternana_women,https://www.soccerdonna.de/en/ternana-women/kader/verein_7549.html,p1_europe_gray_area_source_review,2_source_verification_gray_or_reputable,12,not_render_ready_source_candidate_only,Park as a manual source lead until an official roster/profile page confirms it; do not treat it as official.,no,,,,,,,,true,false,false,false,false,false,false,false,false,false,false
20,2_gray_area_or_reputable_manual_verify,gray_area_manual_verify,europe_official_source_map,europe_top_flight,arkema_premiere_ligue_france,Arkema Première Ligue,all_teams_backup,ALL_TEAMS_BACKUP,,official_source_map,source_metadata_review_only,P2_GRAY_AREA_LEAGUE_BACKUP,gray_area_public_source,low_medium,yes,globalsportsarchive.com,all_teams_backup,https://globalsportsarchive.com/en/soccer/competition/arkema-premiere-ligue-2025-2026/76150,p1_europe_gray_area_source_review,2_source_verification_gray_or_reputable,12,not_render_ready_source_candidate_only,Park as a manual source lead until an official roster/profile page confirms it; do not treat it as official.,no,,,,,,,,true,false,false,false,false,false,false,false,false,false,false
21,3_operator_verify_required_official,official_source_candidate,nwsl_correction_enrichment,nwsl,nwsl,National Women's Soccer League,angel_city_fc,Angel City FC,Ariadina Alves Borges; Maiara Carolina Niehues,public_display_alias_review,add_alias_metadata,P1,official_team,high,yes,angelcity.com,angel_city_fc,https://angelcity.com/club/roster,p0_nwsl_roster_verification_first,1_roster_verification,26,not_render_ready_review_only,Open the official source page manually and confirm league/team/player identity before future intake.,no,,,,,,,,true,false,false,false,false,false,false,false,false,false,false
22,3_operator_verify_required_official,official_source_candidate,nwsl_correction_enrichment,nwsl,nwsl,National Women's Soccer League,chicago_stars_fc,Chicago Stars FC,,source_domain_change_candidate,add_source_candidate,P1,official_team,high,yes,chicagostars.com,chicago_stars_fc,https://chicagostars.com/roster/,p1_nwsl_local_candidate_assets_missing,3_missing_local_candidate_asset,28,not_render_ready_review_only,Open the official source page manually and confirm league/team/player identity before future intake.,no,,,,,,,,true,false,false,false,false,false,false,false,false,false,false
23,3_operator_verify_required_official,official_source_candidate,nwsl_correction_enrichment,nwsl,nwsl,National Women's Soccer League,gotham_fc,Gotham FC,Princess Ademiluyi; Bruna Santos Nhaia,missing_player_profile_candidate; public_display_alias_review,add_candidate_metadata; add_alias_metadata,P1,official_team,high,yes,www.gothamfc.com,gotham_fc,https://www.gothamfc.com/roster,p0_nwsl_roster_verification_first,1_roster_verification,27,not_render_ready_review_only,Open the official source page manually and confirm league/team/player identity before future intake.,no,,,,,,,,true,false,false,false,false,false,false,false,false,false,false
24,3_operator_verify_required_official,official_source_candidate,nwsl_correction_enrichment,nwsl,nwsl,National Women's Soccer League,kansas_city_current,Kansas City Current,Débora Cristiane de Oliveira,public_display_alias_review,add_alias_metadata,P1,official_team,high,yes,www.kansascitycurrent.com,kansas_city_current,https://www.kansascitycurrent.com/team,p0_nwsl_roster_verification_first,1_roster_verification,31,not_render_ready_review_only,Open the official source page manually and confirm league/team/player identity before future intake.,no,,,,,,,,true,false,false,false,false,false,false,false,false,false,false
25,3_operator_verify_required_official,official_source_candidate,nwsl_correction_enrichment,nwsl,nwsl,National Women's Soccer League,kansas_city_current,Kansas City Current,Katie Cappelletti; Kyra Carusa; Kelsey Branson; Flora Marta Lacho,stale_or_short_term_candidate,hold_candidate_for_review,P1,official_team,medium,yes,www.kansascitycurrent.com,kansas_city_current,https://www.kansascitycurrent.com/team; https://www.kansascitycurrent.com/news/kansas-city-current-announces-roster-ahead-of-2026-regular-s,p0_nwsl_roster_verification_first,1_roster_verification,31,not_render_ready_review_only,Open the official source page manually and confirm league/team/player identity before future intake.,no,,,,,,,,true,false,false,false,false,false,false,false,false,false,false
26,3_operator_verify_required_official,official_source_candidate,nwsl_correction_enrichment,nwsl,nwsl,National Women's Soccer League,kansas_city_current,Kansas City Current,Kaylin Williams-Mosier,missing_player_profile_candidate,add_candidate_metadata,P1,official_team,high,yes,www.kansascitycurrent.com,kansas_city_current,https://www.kansascitycurrent.com/team/kaylin-williams-mosier,p0_nwsl_roster_verification_first,1_roster_verification,31,not_render_ready_review_only,Open the official source page manually and confirm league/team/player identity before future intake.,no,,,,,,,,true,false,false,false,false,false,false,false,false,false,false
27,3_operator_verify_required_official,official_source_candidate,nwsl_correction_enrichment,nwsl,nwsl,National Women's Soccer League,orlando_pride,Orlando Pride,Angelina Alonso Costantino; Luana Bertolucci Paixão; Marta Marta; Rafaelle Leone Carvalho Souza; Jacqueline Ovalle; Oihane Hernández; Kat Asman,public_display_alias_review; loan_status_missing,add_alias_metadata; add_loan_status_metadata,P1,official_team,high,yes,www.orlandocitysc.com,orlando_pride,https://www.orlandocitysc.com/pride/roster/,p1_nwsl_local_candidate_assets_missing,3_missing_local_candidate_asset,28,not_render_ready_review_only,Open the official source page manually and confirm league/team/player identity before future intake.,no,,,,,,,,true,false,false,false,false,false,false,false,false,false,false
28,3_operator_verify_required_official,official_source_candidate,nwsl_correction_enrichment,nwsl,nwsl,National Women's Soccer League,seattle_reign,Seattle Reign,,source_domain_change_candidate,add_source_candidate,P1,official_team,high,yes,www.reignfc.com,seattle_reign,https://www.reignfc.com/roster,p1_nwsl_local_candidate_assets_missing,3_missing_local_candidate_asset,27,not_render_ready_review_only,Open the official source page manually and confirm league/team/player identity before future intake.,no,,,,,,,,true,false,false,false,false,false,false,false,false,false,false
29,3_operator_verify_required_official,official_source_candidate,nwsl_correction_enrichment,nwsl,nwsl,National Women's Soccer League,utah_royals_fc,Utah Royals FC,,source_domain_change_candidate,add_source_candidate,P1,official_team,high,yes,www.rsl.com,utah_royals_fc,https://www.rsl.com/utahroyals/roster/,p1_nwsl_local_candidate_assets_missing,3_missing_local_candidate_asset,27,not_render_ready_review_only,Open the official source page manually and confirm league/team/player identity before future intake.,no,,,,,,,,true,false,false,false,false,false,false,false,false,false,false
30,3_operator_verify_required_official,official_source_candidate,nwsl_correction_enrichment,nwsl,nwsl,National Women's Soccer League,washington_spirit,Washington Spirit,Heather Stainbrook; Tamara Paranaguá do Carmo,missing_player_profile_candidate; public_display_alias_review,add_candidate_metadata; add_alias_metadata,P1,official_team,high,yes,washingtonspirit.com,washington_spirit,https://washingtonspirit.com/roster/,p1_nwsl_local_candidate_assets_missing,3_missing_local_candidate_asset,27,not_render_ready_review_only,Open the official source page manually and confirm league/team/player identity before future intake.,no,,,,,,,,true,false,false,false,false,false,false,false,false,false,false
31,3_operator_verify_required_official,official_source_candidate,nwsl_correction_enrichment,nwsl,nwsl,National Women's Soccer League,nwsl_all_teams,nwsl_all_teams; nwsl_all_players,,source_url_enrichment_needed; player_profile_candidate_gap,add_source_candidates; enrich_review_metadata_only,P1,official_league,high,yes,www.nwslsoccer.com,nwsl_league_index,https://www.nwslsoccer.com/teams/index,,,,not_render_ready_review_only,Open the official source page manually and confirm league/team/player identity before future intake.,no,,,,,,,,true,false,false,false,false,false,false,false,false,false,false
32,3_operator_verify_required_official,official_source_candidate,europe_official_source_map,europe_top_flight,frauen_bundesliga_germany,Frauen-Bundesliga,hamburger_sv_women,Hamburger SV Women,,official_source_map,source_metadata_review_only,P0_OFFICIAL_CLUB_ROSTER,official_team,medium,yes,hsv.de,hamburger_sv_women,https://www.hsv.de/profis/team-hsv-frauen/kader-hsv-frauen,p1_europe_gray_area_source_review,2_source_verification_gray_or_reputable,14,not_render_ready_source_candidate_only,Open the official source page manually and confirm league/team/player identity before future intake.,no,,,,,,,,true,false,false,false,false,false,false,false,false,false,false
33,3_operator_verify_required_official,official_source_candidate,europe_official_source_map,europe_top_flight,frauen_bundesliga_germany,Frauen-Bundesliga,sc_freiburg_women,SC Freiburg Women,,official_source_map,source_metadata_review_only,P0_OFFICIAL_CLUB_PAGE,official_team,medium_low,yes,scfreiburg.com,sc_freiburg_women,https://www.scfreiburg.com/frauen,p1_europe_gray_area_source_review,2_source_verification_gray_or_reputable,14,not_render_ready_source_candidate_only,Open the official source page manually and confirm league/team/player identity before future intake.,no,,,,,,,,true,false,false,false,false,false,false,false,false,false,false
34,3_operator_verify_required_official,official_source_candidate,europe_official_source_map,europe_top_flight,frauen_bundesliga_germany,Frauen-Bundesliga,tsg_hoffenheim_women,TSG Hoffenheim Women,,official_source_map,source_metadata_review_only,P0_OFFICIAL_CLUB_ROSTER,official_team,medium,yes,tsg-hoffenheim.de,tsg_hoffenheim_women,https://www.tsg-hoffenheim.de/teams/frauen/bundesliga/team,p1_europe_gray_area_source_review,2_source_verification_gray_or_reputable,14,not_render_ready_source_candidate_only,Open the official source page manually and confirm league/team/player identity before future intake.,no,,,,,,,,true,false,false,false,false,false,false,false,false,false,false
35,3_operator_verify_required_official,official_source_candidate,europe_official_source_map,europe_top_flight,serie_a_women_italy,Serie A Women,ac_milan_women,AC Milan Women,,official_source_map,source_metadata_review_only,P0_OFFICIAL_CLUB_ROSTER,official_team,high,yes,acmilan.com,ac_milan_women,https://www.acmilan.com/en/teams/women-first-team/all,p1_europe_gray_area_source_review,2_source_verification_gray_or_reputable,12,not_render_ready_source_candidate_only,Open the official source page manually and confirm league/team/player identity before future intake.,no,,,,,,,,true,false,false,false,false,false,false,false,false,false,false
36,3_operator_verify_required_official,official_source_candidate,europe_official_source_map,europe_top_flight,serie_a_women_italy,Serie A Women,as_roma_women,AS Roma Women,,official_source_map,source_metadata_review_only,P0_OFFICIAL_CLUB_ROSTER,official_team,high,yes,asroma.com,as_roma_women,https://www.asroma.com/en/women/players-and-staff,p1_europe_gray_area_source_review,2_source_verification_gray_or_reputable,12,not_render_ready_source_candidate_only,Open the official source page manually and confirm league/team/player identity before future intake.,no,,,,,,,,true,false,false,false,false,false,false,false,false,false,false
37,3_operator_verify_required_official,official_source_candidate,europe_official_source_map,europe_top_flight,serie_a_women_italy,Serie A Women,como_women,Como Women,,official_source_map,source_metadata_review_only,P0_OFFICIAL_CLUB_ROSTER,official_team,high,yes,comowomen.com,como_women,https://comowomen.com/en/team-and-staff,p1_europe_gray_area_source_review,2_source_verification_gray_or_reputable,12,not_render_ready_source_candidate_only,Open the official source page manually and confirm league/team/player identity before future intake.,no,,,,,,,,true,false,false,false,false,false,false,false,false,false,false
38,3_operator_verify_required_official,official_source_candidate,europe_official_source_map,europe_top_flight,serie_a_women_italy,Serie A Women,fiorentina_women,Fiorentina Women,,official_source_map,source_metadata_review_only,P0_OFFICIAL_CLUB_ROSTER,official_team,medium_high,yes,acffiorentina.com,fiorentina_women,https://www.acffiorentina.com/en/fiorentina-women,p1_europe_gray_area_source_review,2_source_verification_gray_or_reputable,12,not_render_ready_source_candidate_only,Open the official source page manually and confirm league/team/player identity before future intake.,no,,,,,,,,true,false,false,false,false,false,false,false,false,false,false
39,3_operator_verify_required_official,official_source_candidate,europe_official_source_map,europe_top_flight,serie_a_women_italy,Serie A Women,genoa_women,Genoa Women,,official_source_map,source_metadata_review_only,P0_OFFICIAL_CLUB_PAGE,official_team,medium_low,yes,genoacfc.it,genoa_women,https://genoacfc.it/prima-squadra-femminile/,p1_europe_gray_area_source_review,2_source_verification_gray_or_reputable,12,not_render_ready_source_candidate_only,Open the official source page manually and confirm league/team/player identity before future intake.,no,,,,,,,,true,false,false,false,false,false,false,false,false,false,false
40,3_operator_verify_required_official,official_source_candidate,europe_official_source_map,europe_top_flight,serie_a_women_italy,Serie A Women,juventus_women,Juventus Women,,official_source_map,source_metadata_review_only,P0_OFFICIAL_CLUB_ROSTER,official_team,high,yes,juventus.com,juventus_women,https://www.juventus.com/en/teams/first-team-women/squad/,p1_europe_gray_area_source_review,2_source_verification_gray_or_reputable,12,not_render_ready_source_candidate_only,Open the official source page manually and confirm league/team/player identity before future intake.,no,,,,,,,,true,false,false,false,false,false,false,false,false,false,false
41,3_operator_verify_required_official,official_source_candidate,europe_official_source_map,europe_top_flight,serie_a_women_italy,Serie A Women,lazio_women,Lazio Women,,official_source_map,source_metadata_review_only,P0_OFFICIAL_CLUB_ROSTER,official_team,high,yes,sslazio.it,lazio_women,https://www.sslazio.it/it/team/lazio-prima-squadra-femminile/squadra,p1_europe_gray_area_source_review,2_source_verification_gray_or_reputable,12,not_render_ready_source_candidate_only,Open the official source page manually and confirm league/team/player identity before future intake.,no,,,,,,,,true,false,false,false,false,false,false,false,false,false,false
42,3_operator_verify_required_official,official_source_candidate,europe_official_source_map,europe_top_flight,serie_a_women_italy,Serie A Women,napoli_femminile,Napoli Femminile,,official_source_map,source_metadata_review_only,P0_OFFICIAL_CLUB_ROSTER,official_team,high,yes,napolifemminile.it,napoli_femminile,https://napolifemminile.it/rosa/,p1_europe_gray_area_source_review,2_source_verification_gray_or_reputable,12,not_render_ready_source_candidate_only,Open the official source page manually and confirm league/team/player identity before future intake.,no,,,,,,,,true,false,false,false,false,false,false,false,false,false,false
43,3_operator_verify_required_official,official_source_candidate,europe_official_source_map,europe_top_flight,serie_a_women_italy,Serie A Women,parma_women,Parma Women,,official_source_map,source_metadata_review_only,P0_OFFICIAL_CLUB_ROSTER,official_team,medium_high,yes,parmacalcio1913.com,parma_women,https://www.parmacalcio1913.com/prima-squadra-femminile/,p1_europe_gray_area_source_review,2_source_verification_gray_or_reputable,12,not_render_ready_source_candidate_only,Open the official source page manually and confirm league/team/player identity before future intake.,no,,,,,,,,true,false,false,false,false,false,false,false,false,false,false
44,3_operator_verify_required_official,official_source_candidate,europe_official_source_map,europe_top_flight,arkema_premiere_ligue_france,Arkema Première Ligue,as_saint_etienne_women,AS Saint-Etienne Women,,official_source_map,source_metadata_review_only,P0_OFFICIAL_CLUB_ROSTER,official_team,high,yes,asse.fr,as_saint_etienne_women,https://www.asse.fr/fr/feminines/saison-2025-2026/arkema-premiere-ligue,p1_europe_gray_area_source_review,2_source_verification_gray_or_reputable,12,not_render_ready_source_candidate_only,Open the official source page manually and confirm league/team/player identity before future intake.,no,,,,,,,,true,false,false,false,false,false,false,false,false,false,false
45,3_operator_verify_required_official,official_source_candidate,europe_official_source_map,europe_top_flight,arkema_premiere_ligue_france,Arkema Première Ligue,dijon_fco_women,Dijon FCO Women,,official_source_map,source_metadata_review_only,P0_OFFICIAL_CLUB_ROSTER,official_team,high,yes,dfco.fr,dijon_fco_women,https://www.dfco.fr/effectifs/division-1-feminine/,p1_europe_gray_area_source_review,2_source_verification_gray_or_reputable,12,not_render_ready_source_candidate_only,Open the official source page manually and confirm league/team/player identity before future intake.,no,,,,,,,,true,false,false,false,false,false,false,false,false,false,false
46,3_operator_verify_required_official,official_source_candidate,europe_official_source_map,europe_top_flight,arkema_premiere_ligue_france,Arkema Première Ligue,fc_fleury_91_women,FC Fleury 91 Women,,official_source_map,source_metadata_review_only,P0_OFFICIAL_CLUB_ROSTER,official_team,medium,yes,fcfleury91.fr,fc_fleury_91_women,https://www.fcfleury91.fr/effectif-arkemapl,p1_europe_gray_area_source_review,2_source_verification_gray_or_reputable,12,not_render_ready_source_candidate_only,Open the official source page manually and confirm league/team/player identity before future intake.,no,,,,,,,,true,false,false,false,false,false,false,false,false,false,false
47,3_operator_verify_required_official,official_source_candidate,europe_official_source_map,europe_top_flight,arkema_premiere_ligue_france,Arkema Première Ligue,fc_nantes_women,FC Nantes Women,,official_source_map,source_metadata_review_only,P0_OFFICIAL_CLUB_ROSTER,official_team,medium,yes,fcnantes.com,fc_nantes_women,https://www.fcnantes.com/feminines/20252026/effectifD1F.php,p1_europe_gray_area_source_review,2_source_verification_gray_or_reputable,12,not_render_ready_source_candidate_only,Open the official source page manually and confirm league/team/player identity before future intake.,no,,,,,,,,true,false,false,false,false,false,false,false,false,false,false
48,3_operator_verify_required_official,official_source_candidate,europe_official_source_map,europe_top_flight,arkema_premiere_ligue_france,Arkema Première Ligue,le_havre_ac_women,Le Havre AC Women,,official_source_map,source_metadata_review_only,P0_OFFICIAL_CLUB_ROSTER,official_team,high,yes,hac.football,le_havre_ac_women,https://hac.football/fr/players?competition=FD1,p1_europe_gray_area_source_review,2_source_verification_gray_or_reputable,12,not_render_ready_source_candidate_only,Open the official source page manually and confirm league/team/player identity before future intake.,no,,,,,,,,true,false,false,false,false,false,false,false,false,false,false
49,3_operator_verify_required_official,official_source_candidate,europe_official_source_map,europe_top_flight,arkema_premiere_ligue_france,Arkema Première Ligue,mhsc_feminines,MHSC Feminines,,official_source_map,source_metadata_review_only,P0_OFFICIAL_CLUB_ROSTER,official_team,medium_high,yes,mhscfoot.com,mhsc_feminines,https://mhscfoot.com/en/effectif/2025-2026/d1-feminines/,p1_europe_gray_area_source_review,2_source_verification_gray_or_reputable,12,not_render_ready_source_candidate_only,Open the official source page manually and confirm league/team/player identity before future intake.,no,,,,,,,,true,false,false,false,false,false,false,false,false,false,false
50,3_operator_verify_required_official,official_source_candidate,europe_official_source_map,europe_top_flight,arkema_premiere_ligue_france,Arkema Première Ligue,ol_lyonnes,OL Lyonnes,,official_source_map,source_metadata_review_only,P0_OFFICIAL_CLUB_ROSTER,official_team,high,yes,ol-lyonnes.com,ol_lyonnes,https://www.ol-lyonnes.com/saison-25-26/effectif/,p1_europe_gray_area_source_review,2_source_verification_gray_or_reputable,12,not_render_ready_source_candidate_only,Open the official source page manually and confirm league/team/player identity before future intake.,no,,,,,,,,true,false,false,false,false,false,false,false,false,false,false
51,3_operator_verify_required_official,official_source_candidate,europe_official_source_map,europe_top_flight,arkema_premiere_ligue_france,Arkema Première Ligue,olympique_marseille_women,Olympique Marseille Women,,official_source_map,source_metadata_review_only,P0_OFFICIAL_CLUB_ROSTER,official_team,high,yes,om.fr,olympique_marseille_women,https://www.om.fr/en/team/women,p1_europe_gray_area_source_review,2_source_verification_gray_or_reputable,12,not_render_ready_source_candidate_only,Open the official source page manually and confirm league/team/player identity before future intake.,no,,,,,,,,true,false,false,false,false,false,false,false,false,false,false
52,3_operator_verify_required_official,official_source_candidate,europe_official_source_map,europe_top_flight,arkema_premiere_ligue_france,Arkema Première Ligue,paris_fc_women,Paris FC Women,,official_source_map,source_metadata_review_only,P0_OFFICIAL_CLUB_ROSTER,official_team,high,yes,parisfc.fr,paris_fc_women,https://parisfc.fr/pro-femme/joueuses-staff/,p1_europe_gray_area_source_review,2_source_verification_gray_or_reputable,12,not_render_ready_source_candidate_only,Open the official source page manually and confirm league/team/player identity before future intake.,no,,,,,,,,true,false,false,false,false,false,false,false,false,false,false
53,3_operator_verify_required_official,official_source_candidate,europe_official_source_map,europe_top_flight,arkema_premiere_ligue_france,Arkema Première Ligue,paris_saint_germain_women,Paris Saint-Germain Women,,official_source_map,source_metadata_review_only,P0_OFFICIAL_CLUB_ROSTER,official_team,high,yes,psg.fr,paris_saint_germain_women,https://www.psg.fr/football-feminin/effectif,p1_europe_gray_area_source_review,2_source_verification_gray_or_reputable,12,not_render_ready_source_candidate_only,Open the official source page manually and confirm league/team/player identity before future intake.,no,,,,,,,,true,false,false,false,false,false,false,false,false,false,false
54,3_operator_verify_required_official,official_source_candidate,europe_official_source_map,europe_top_flight,arkema_premiere_ligue_france,Arkema Première Ligue,rc_lens_women,RC Lens Women,,official_source_map,source_metadata_review_only,P0_OFFICIAL_CLUB_ROSTER,official_team,high,yes,rclens.fr,rc_lens_women,https://www.rclens.fr/fr/feminines/joueuses,p1_europe_gray_area_source_review,2_source_verification_gray_or_reputable,12,not_render_ready_source_candidate_only,Open the official source page manually and confirm league/team/player identity before future intake.,no,,,,,,,,true,false,false,false,false,false,false,false,false,false,false
55,3_operator_verify_required_official,official_source_candidate,europe_official_source_map,europe_top_flight,arkema_premiere_ligue_france,Arkema Première Ligue,rc_strasbourg_alsace_women,RC Strasbourg Alsace Women,,official_source_map,source_metadata_review_only,P0_OFFICIAL_CLUB_ROSTER,official_team,medium_high,yes,rcstrasbourgalsace.fr,rc_strasbourg_alsace_women,https://www.rcstrasbourgalsace.fr/equipe-arkema-premiere-ligue-25-26/,p1_europe_gray_area_source_review,2_source_verification_gray_or_reputable,12,not_render_ready_source_candidate_only,Open the official source page manually and confirm league/team/player identity before future intake.,no,,,,,,,,true,false,false,false,false,false,false,false,false,false,false
56,4_official_metadata_candidate,official_source_candidate,europe_official_source_map,europe_top_flight,wsl_england,Women's Super League,arsenal_women,Arsenal Women,,official_source_map,source_metadata_review_only,P0_OFFICIAL_LEAGUE_TEAM,official_league,high,no,wslfootball.com,arsenal_women,https://www.wslfootball.com/clubs/arsenal/squad,p1_europe_gray_area_source_review,2_source_verification_gray_or_reputable,12,not_render_ready_source_candidate_only,Use as source metadata candidate only; Europe rows remain not render-ready.,no,,,,,,,,true,false,false,false,false,false,false,false,false,false,false
57,4_official_metadata_candidate,official_source_candidate,europe_official_source_map,europe_top_flight,wsl_england,Women's Super League,aston_villa_women,Aston Villa Women,,official_source_map,source_metadata_review_only,P0_OFFICIAL_LEAGUE_TEAM,official_league,high,no,wslfootball.com,aston_villa_women,https://www.wslfootball.com/clubs/aston-villa/squad,p1_europe_gray_area_source_review,2_source_verification_gray_or_reputable,12,not_render_ready_source_candidate_only,Use as source metadata candidate only; Europe rows remain not render-ready.,no,,,,,,,,true,false,false,false,false,false,false,false,false,false,false
58,4_official_metadata_candidate,official_source_candidate,europe_official_source_map,europe_top_flight,wsl_england,Women's Super League,brighton_and_hove_albion_women,Brighton & Hove Albion Women,,official_source_map,source_metadata_review_only,P0_OFFICIAL_LEAGUE_TEAM,official_league,high,no,wslfootball.com,brighton_and_hove_albion_women,https://www.wslfootball.com/clubs/brighton-hove-albion/squad,p1_europe_gray_area_source_review,2_source_verification_gray_or_reputable,12,not_render_ready_source_candidate_only,Use as source metadata candidate only; Europe rows remain not render-ready.,no,,,,,,,,true,false,false,false,false,false,false,false,false,false,false
59,4_official_metadata_candidate,official_source_candidate,europe_official_source_map,europe_top_flight,wsl_england,Women's Super League,chelsea_women,Chelsea Women,,official_source_map,source_metadata_review_only,P0_OFFICIAL_LEAGUE_TEAM,official_league,high,no,wslfootball.com,chelsea_women,https://www.wslfootball.com/clubs/chelsea/squad,p1_europe_gray_area_source_review,2_source_verification_gray_or_reputable,12,not_render_ready_source_candidate_only,Use as source metadata candidate only; Europe rows remain not render-ready.,no,,,,,,,,true,false,false,false,false,false,false,false,false,false,false
60,4_official_metadata_candidate,official_source_candidate,europe_official_source_map,europe_top_flight,wsl_england,Women's Super League,everton_women,Everton Women,,official_source_map,source_metadata_review_only,P0_OFFICIAL_LEAGUE_TEAM,official_league,high,no,wslfootball.com,everton_women,https://www.wslfootball.com/clubs/everton/squad,p1_europe_gray_area_source_review,2_source_verification_gray_or_reputable,12,not_render_ready_source_candidate_only,Use as source metadata candidate only; Europe rows remain not render-ready.,no,,,,,,,,true,false,false,false,false,false,false,false,false,false,false
61,4_official_metadata_candidate,official_source_candidate,europe_official_source_map,europe_top_flight,wsl_england,Women's Super League,leicester_city_women,Leicester City Women,,official_source_map,source_metadata_review_only,P0_OFFICIAL_LEAGUE_TEAM,official_league,high,no,wslfootball.com,leicester_city_women,https://www.wslfootball.com/clubs/leicester-city/squad,p1_europe_gray_area_source_review,2_source_verification_gray_or_reputable,12,not_render_ready_source_candidate_only,Use as source metadata candidate only; Europe rows remain not render-ready.,no,,,,,,,,true,false,false,false,false,false,false,false,false,false,false
62,4_official_metadata_candidate,official_source_candidate,europe_official_source_map,europe_top_flight,wsl_england,Women's Super League,liverpool_women,Liverpool Women,,official_source_map,source_metadata_review_only,P0_OFFICIAL_LEAGUE_TEAM,official_league,high,no,wslfootball.com,liverpool_women,https://www.wslfootball.com/clubs/liverpool/squad,p1_europe_gray_area_source_review,2_source_verification_gray_or_reputable,12,not_render_ready_source_candidate_only,Use as source metadata candidate only; Europe rows remain not render-ready.,no,,,,,,,,true,false,false,false,false,false,false,false,false,false,false
63,4_official_metadata_candidate,official_source_candidate,europe_official_source_map,europe_top_flight,wsl_england,Women's Super League,london_city_lionesses,London City Lionesses,,official_source_map,source_metadata_review_only,P0_OFFICIAL_LEAGUE_TEAM,official_league,high,no,wslfootball.com,london_city_lionesses,https://www.wslfootball.com/clubs/london-city-lionesses/squad,p1_europe_gray_area_source_review,2_source_verification_gray_or_reputable,12,not_render_ready_source_candidate_only,Use as source metadata candidate only; Europe rows remain not render-ready.,no,,,,,,,,true,false,false,false,false,false,false,false,false,false,false
64,4_official_metadata_candidate,official_source_candidate,europe_official_source_map,europe_top_flight,wsl_england,Women's Super League,manchester_city_women,Manchester City Women,,official_source_map,source_metadata_review_only,P0_OFFICIAL_LEAGUE_TEAM,official_league,high,no,wslfootball.com,manchester_city_women,https://www.wslfootball.com/clubs/manchester-city/squad,p1_europe_gray_area_source_review,2_source_verification_gray_or_reputable,12,not_render_ready_source_candidate_only,Use as source metadata candidate only; Europe rows remain not render-ready.,no,,,,,,,,true,false,false,false,false,false,false,false,false,false,false
65,4_official_metadata_candidate,official_source_candidate,europe_official_source_map,europe_top_flight,wsl_england,Women's Super League,manchester_united_women,Manchester United Women,,official_source_map,source_metadata_review_only,P0_OFFICIAL_LEAGUE_TEAM,official_league,high,no,wslfootball.com,manchester_united_women,https://www.wslfootball.com/clubs/manchester-united/squad,p1_europe_gray_area_source_review,2_source_verification_gray_or_reputable,12,not_render_ready_source_candidate_only,Use as source metadata candidate only; Europe rows remain not render-ready.,no,,,,,,,,true,false,false,false,false,false,false,false,false,false,false
66,4_official_metadata_candidate,official_source_candidate,europe_official_source_map,europe_top_flight,wsl_england,Women's Super League,tottenham_hotspur_women,Tottenham Hotspur Women,,official_source_map,source_metadata_review_only,P0_OFFICIAL_LEAGUE_TEAM,official_league,high,no,wslfootball.com,tottenham_hotspur_women,https://www.wslfootball.com/clubs/tottenham-hotspur/squad,p1_europe_gray_area_source_review,2_source_verification_gray_or_reputable,12,not_render_ready_source_candidate_only,Use as source metadata candidate only; Europe rows remain not render-ready.,no,,,,,,,,true,false,false,false,false,false,false,false,false,false,false
67,4_official_metadata_candidate,official_source_candidate,europe_official_source_map,europe_top_flight,wsl_england,Women's Super League,west_ham_united_women,West Ham United Women,,official_source_map,source_metadata_review_only,P0_OFFICIAL_LEAGUE_TEAM,official_league,high,no,wslfootball.com,west_ham_united_women,https://www.wslfootball.com/clubs/west-ham-united/squad,p1_europe_gray_area_source_review,2_source_verification_gray_or_reputable,12,not_render_ready_source_candidate_only,Use as source metadata candidate only; Europe rows remain not render-ready.,no,,,,,,,,true,false,false,false,false,false,false,false,false,false,false
68,4_official_metadata_candidate,official_source_candidate,europe_official_source_map,europe_top_flight,liga_f_spain,Liga F,alhama_cf_elpozo,Alhama CF ElPozo,,official_source_map,source_metadata_review_only,P0_OFFICIAL_LEAGUE_ROSTER,official_league,high,no,ligaf.es,alhama_cf_elpozo,https://ligaf.es/equipo/alhama-cf-femenino/20478/plantilla/2026,p1_europe_gray_area_source_review,2_source_verification_gray_or_reputable,16,not_render_ready_source_candidate_only,Use as source metadata candidate only; Europe rows remain not render-ready.,no,,,,,,,,true,false,false,false,false,false,false,false,false,false,false
69,4_official_metadata_candidate,official_source_candidate,europe_official_source_map,europe_top_flight,liga_f_spain,Liga F,athletic_club,Athletic Club,,official_source_map,source_metadata_review_only,P0_OFFICIAL_LEAGUE_ROSTER,official_league,high,no,ligaf.es,athletic_club,https://ligaf.es/equipo/athletic-club-femenino/8845/plantilla/2026,p1_europe_gray_area_source_review,2_source_verification_gray_or_reputable,16,not_render_ready_source_candidate_only,Use as source metadata candidate only; Europe rows remain not render-ready.,no,,,,,,,,true,false,false,false,false,false,false,false,false,false,false
70,4_official_metadata_candidate,official_source_candidate,europe_official_source_map,europe_top_flight,liga_f_spain,Liga F,atl_tico_de_madrid,Atlético de Madrid,,official_source_map,source_metadata_review_only,P0_OFFICIAL_LEAGUE_ROSTER,official_league,high,no,ligaf.es,atl_tico_de_madrid,https://ligaf.es/equipo/club-atletico-de-madrid-femenino/12279/plantilla/2026,p1_europe_gray_area_source_review,2_source_verification_gray_or_reputable,16,not_render_ready_source_candidate_only,Use as source metadata candidate only; Europe rows remain not render-ready.,no,,,,,,,,true,false,false,false,false,false,false,false,false,false,false
71,4_official_metadata_candidate,official_source_candidate,europe_official_source_map,europe_top_flight,liga_f_spain,Liga F,costa_adeje_tenerife,Costa Adeje Tenerife,,official_source_map,source_metadata_review_only,P0_OFFICIAL_LEAGUE_ROSTER,official_league,high,no,ligaf.es,costa_adeje_tenerife,https://ligaf.es/equipo/ud-granadilla-tenerife-sur-femenino/12369/plantilla/2026,p1_europe_gray_area_source_review,2_source_verification_gray_or_reputable,16,not_render_ready_source_candidate_only,Use as source metadata candidate only; Europe rows remain not render-ready.,no,,,,,,,,true,false,false,false,false,false,false,false,false,false,false
72,4_official_metadata_candidate,official_source_candidate,europe_official_source_map,europe_top_flight,liga_f_spain,Liga F,dux_logro_o,DUX Logroño,,official_source_map,source_metadata_review_only,P0_OFFICIAL_LEAGUE_ROSTER,official_league,high,no,ligaf.es,dux_logro_o,https://ligaf.es/equipo/edf-logrono-femenina/51737/plantilla/2026,p1_europe_gray_area_source_review,2_source_verification_gray_or_reputable,16,not_render_ready_source_candidate_only,Use as source metadata candidate only; Europe rows remain not render-ready.,no,,,,,,,,true,false,false,false,false,false,false,false,false,false,false
73,4_official_metadata_candidate,official_source_candidate,europe_official_source_map,europe_top_flight,liga_f_spain,Liga F,deportivo_abanca,Deportivo Abanca,,official_source_map,source_metadata_review_only,P0_OFFICIAL_LEAGUE_ROSTER,official_league,high,no,ligaf.es,deportivo_abanca,https://ligaf.es/equipo/deportivo-femenino/8870/plantilla/2026,p1_europe_gray_area_source_review,2_source_verification_gray_or_reputable,16,not_render_ready_source_candidate_only,Use as source metadata candidate only; Europe rows remain not render-ready.,no,,,,,,,,true,false,false,false,false,false,false,false,false,false,false
74,4_official_metadata_candidate,official_source_candidate,europe_official_source_map,europe_top_flight,liga_f_spain,Liga F,fc_badalona_women,FC Badalona Women,,official_source_map,source_metadata_review_only,P0_OFFICIAL_LEAGUE_ROSTER,official_league,high,no,ligaf.es,fc_badalona_women,https://ligaf.es/equipo/levante-las-planas-femenino/20435/plantilla/2026,p1_europe_gray_area_source_review,2_source_verification_gray_or_reputable,16,not_render_ready_source_candidate_only,Use as source metadata candidate only; Europe rows remain not render-ready.,no,,,,,,,,true,false,false,false,false,false,false,false,false,false,false
75,4_official_metadata_candidate,official_source_candidate,europe_official_source_map,europe_top_flight,liga_f_spain,Liga F,fc_barcelona,FC Barcelona,,official_source_map,source_metadata_review_only,P0_OFFICIAL_LEAGUE_ROSTER,official_league,high,no,ligaf.es,fc_barcelona,https://ligaf.es/equipo/fc-barcelona-femenino/8852/plantilla/2026,p1_europe_gray_area_source_review,2_source_verification_gray_or_reputable,16,not_render_ready_source_candidate_only,Use as source metadata candidate only; Europe rows remain not render-ready.,no,,,,,,,,true,false,false,false,false,false,false,false,false,false,false
76,4_official_metadata_candidate,official_source_candidate,europe_official_source_map,europe_top_flight,liga_f_spain,Liga F,granada_cf,Granada CF,,official_source_map,source_metadata_review_only,P0_OFFICIAL_LEAGUE_ROSTER,official_league,high,no,ligaf.es,granada_cf,https://ligaf.es/equipo/granada-cf-femenino/8909/plantilla/2026,p1_europe_gray_area_source_review,2_source_verification_gray_or_reputable,16,not_render_ready_source_candidate_only,Use as source metadata candidate only; Europe rows remain not render-ready.,no,,,,,,,,true,false,false,false,false,false,false,false,false,false,false
77,4_official_metadata_candidate,official_source_candidate,europe_official_source_map,europe_top_flight,liga_f_spain,Liga F,levante_ud,Levante UD,,official_source_map,source_metadata_review_only,P0_OFFICIAL_LEAGUE_ROSTER,official_league,high,no,ligaf.es,levante_ud,https://ligaf.es/equipo/levante-ud-femenino/8859/plantilla/2026,p1_europe_gray_area_source_review,2_source_verification_gray_or_reputable,16,not_render_ready_source_candidate_only,Use as source metadata candidate only; Europe rows remain not render-ready.,no,,,,,,,,true,false,false,false,false,false,false,false,false,false,false
78,4_official_metadata_candidate,official_source_candidate,europe_official_source_map,europe_top_flight,liga_f_spain,Liga F,madrid_cff,Madrid CFF,,official_source_map,source_metadata_review_only,P0_OFFICIAL_LEAGUE_ROSTER,official_league,high,no,ligaf.es,madrid_cff,https://ligaf.es/equipo/madrid-cf-femenino/12358/plantilla/2026,p1_europe_gray_area_source_review,2_source_verification_gray_or_reputable,16,not_render_ready_source_candidate_only,Use as source metadata candidate only; Europe rows remain not render-ready.,no,,,,,,,,true,false,false,false,false,false,false,false,false,false,false
79,4_official_metadata_candidate,official_source_candidate,europe_official_source_map,europe_top_flight,liga_f_spain,Liga F,rcd_espanyol_de_barcelona,RCD Espanyol de Barcelona,,official_source_map,source_metadata_review_only,P0_OFFICIAL_LEAGUE_ROSTER,official_league,high,no,ligaf.es,rcd_espanyol_de_barcelona,https://ligaf.es/equipo/rcd-espanyol-femenino/8847/plantilla/2026,p1_europe_gray_area_source_review,2_source_verification_gray_or_reputable,16,not_render_ready_source_candidate_only,Use as source metadata candidate only; Europe rows remain not render-ready.,no,,,,,,,,true,false,false,false,false,false,false,false,false,false,false
80,4_official_metadata_candidate,official_source_candidate,europe_official_source_map,europe_top_flight,liga_f_spain,Liga F,real_madrid_cf,Real Madrid CF,,official_source_map,source_metadata_review_only,P0_OFFICIAL_LEAGUE_ROSTER,official_league,high,no,ligaf.es,real_madrid_cf,https://ligaf.es/equipo/real-madrid-femenino/12364/plantilla/2026,p1_europe_gray_area_source_review,2_source_verification_gray_or_reputable,16,not_render_ready_source_candidate_only,Use as source metadata candidate only; Europe rows remain not render-ready.,no,,,,,,,,true,false,false,false,false,false,false,false,false,false,false
81,4_official_metadata_candidate,official_source_candidate,europe_official_source_map,europe_top_flight,liga_f_spain,Liga F,real_sociedad,Real Sociedad,,official_source_map,source_metadata_review_only,P0_OFFICIAL_LEAGUE_ROSTER,official_league,high,no,ligaf.es,real_sociedad,https://ligaf.es/equipo/real-sociedad-futbol-femenino/8843/plantilla/2026,p1_europe_gray_area_source_review,2_source_verification_gray_or_reputable,16,not_render_ready_source_candidate_only,Use as source metadata candidate only; Europe rows remain not render-ready.,no,,,,,,,,true,false,false,false,false,false,false,false,false,false,false
82,4_official_metadata_candidate,official_source_candidate,europe_official_source_map,europe_top_flight,liga_f_spain,Liga F,sd_eibar,SD Eibar,,official_source_map,source_metadata_review_only,P0_OFFICIAL_LEAGUE_ROSTER,official_league,high,no,ligaf.es,sd_eibar,https://ligaf.es/equipo/eibar-femenino/66085/plantilla/2026,p1_europe_gray_area_source_review,2_source_verification_gray_or_reputable,16,not_render_ready_source_candidate_only,Use as source metadata candidate only; Europe rows remain not render-ready.,no,,,,,,,,true,false,false,false,false,false,false,false,false,false,false
83,4_official_metadata_candidate,official_source_candidate,europe_official_source_map,europe_top_flight,liga_f_spain,Liga F,sevilla_fc,Sevilla FC,,official_source_map,source_metadata_review_only,P0_OFFICIAL_LEAGUE_ROSTER,official_league,high,no,ligaf.es,sevilla_fc,https://ligaf.es/equipo/sevilla-fc-femenino-esp/12280/plantilla/2026,p1_europe_gray_area_source_review,2_source_verification_gray_or_reputable,16,not_render_ready_source_candidate_only,Use as source metadata candidate only; Europe rows remain not render-ready.,no,,,,,,,,true,false,false,false,false,false,false,false,false,false,false
84,4_official_metadata_candidate,official_source_candidate,europe_official_source_map,europe_top_flight,frauen_bundesliga_germany,Frauen-Bundesliga,1_fc_k_ln_women,1. FC Köln Women,,official_source_map,source_metadata_review_only,P0_OFFICIAL_FEDERATION_ROSTER,official_federation,high,no,datencenter.dfb.de,1_fc_k_ln_women,https://datencenter.dfb.de/competitions/google-pixel-frauen-bundesliga/seasons/google-pixel-frauen-bundesliga-2025-2026/teams/1-fc-koeln-39074,p1_europe_gray_area_source_review,2_source_verification_gray_or_reputable,14,not_render_ready_source_candidate_only,Use as source metadata candidate only; Europe rows remain not render-ready.,no,,,,,,,,true,false,false,false,false,false,false,false,false,false,false
85,4_official_metadata_candidate,official_source_candidate,europe_official_source_map,europe_top_flight,frauen_bundesliga_germany,Frauen-Bundesliga,1_fc_n_rnberg_women,1. FC Nürnberg Women,,official_source_map,source_metadata_review_only,P0_OFFICIAL_FEDERATION_ROSTER,official_federation,high,no,datencenter.dfb.de,1_fc_n_rnberg_women,https://datencenter.dfb.de/competitions/google-pixel-frauen-bundesliga/seasons/google-pixel-frauen-bundesliga-2025-2026/teams/1-fc-nuernberg-29267,p1_europe_gray_area_source_review,2_source_verification_gray_or_reputable,14,not_render_ready_source_candidate_only,Use as source metadata candidate only; Europe rows remain not render-ready.,no,,,,,,,,true,false,false,false,false,false,false,false,false,false,false
86,4_official_metadata_candidate,official_source_candidate,europe_official_source_map,europe_top_flight,frauen_bundesliga_germany,Frauen-Bundesliga,bayer_04_leverkusen_women,Bayer 04 Leverkusen Women,,official_source_map,source_metadata_review_only,P0_OFFICIAL_FEDERATION_ROSTER,official_federation,high,no,datencenter.dfb.de,bayer_04_leverkusen_women,https://datencenter.dfb.de/competitions/google-pixel-frauen-bundesliga/seasons/google-pixel-frauen-bundesliga-2025-2026/teams/bayer-04-leverkusen-21515,p1_europe_gray_area_source_review,2_source_verification_gray_or_reputable,14,not_render_ready_source_candidate_only,Use as source metadata candidate only; Europe rows remain not render-ready.,no,,,,,,,,true,false,false,false,false,false,false,false,false,false,false
87,4_official_metadata_candidate,official_source_candidate,europe_official_source_map,europe_top_flight,frauen_bundesliga_germany,Frauen-Bundesliga,eintracht_frankfurt_women,Eintracht Frankfurt Women,,official_source_map,source_metadata_review_only,P0_OFFICIAL_FEDERATION_ROSTER,official_federation,high,no,datencenter.dfb.de,eintracht_frankfurt_women,https://datencenter.dfb.de/competitions/google-pixel-frauen-bundesliga/seasons/google-pixel-frauen-bundesliga-2025-2026/teams/eintracht-frankfurt-31426,p1_europe_gray_area_source_review,2_source_verification_gray_or_reputable,14,not_render_ready_source_candidate_only,Use as source metadata candidate only; Europe rows remain not render-ready.,no,,,,,,,,true,false,false,false,false,false,false,false,false,false,false
88,4_official_metadata_candidate,official_source_candidate,europe_official_source_map,europe_top_flight,frauen_bundesliga_germany,Frauen-Bundesliga,fc_bayern_munich_women,FC Bayern Munich Women,,official_source_map,source_metadata_review_only,P0_OFFICIAL_FEDERATION_ROSTER,official_federation,high,no,datencenter.dfb.de,fc_bayern_munich_women,https://datencenter.dfb.de/competitions/google-pixel-frauen-bundesliga/seasons/google-pixel-frauen-bundesliga-2025-2026/teams/bayern-muenchen-208,p1_europe_gray_area_source_review,2_source_verification_gray_or_reputable,14,not_render_ready_source_candidate_only,Use as source metadata candidate only; Europe rows remain not render-ready.,no,,,,,,,,true,false,false,false,false,false,false,false,false,false,false
89,4_official_metadata_candidate,official_source_candidate,europe_official_source_map,europe_top_flight,frauen_bundesliga_germany,Frauen-Bundesliga,fc_carl_zeiss_jena_women,FC Carl Zeiss Jena Women,,official_source_map,source_metadata_review_only,P0_OFFICIAL_FEDERATION_ROSTER,official_federation,high,no,datencenter.dfb.de,fc_carl_zeiss_jena_women,https://datencenter.dfb.de/competitions/google-pixel-frauen-bundesliga/seasons/google-pixel-frauen-bundesliga-2025-2026/teams/fc-carl-zeiss-jena-2237862,p1_europe_gray_area_source_review,2_source_verification_gray_or_reputable,14,not_render_ready_source_candidate_only,Use as source metadata candidate only; Europe rows remain not render-ready.,no,,,,,,,,true,false,false,false,false,false,false,false,false,false,false
90,4_official_metadata_candidate,official_source_candidate,europe_official_source_map,europe_top_flight,frauen_bundesliga_germany,Frauen-Bundesliga,rb_leipzig_women,RB Leipzig Women,,official_source_map,source_metadata_review_only,P0_OFFICIAL_FEDERATION_ROSTER,official_federation,high,no,datencenter.dfb.de,rb_leipzig_women,https://datencenter.dfb.de/competitions/google-pixel-frauen-bundesliga/seasons/google-pixel-frauen-bundesliga-2025-2026/teams/rb-leipzig-2237175,p1_europe_gray_area_source_review,2_source_verification_gray_or_reputable,14,not_render_ready_source_candidate_only,Use as source metadata candidate only; Europe rows remain not render-ready.,no,,,,,,,,true,false,false,false,false,false,false,false,false,false,false
91,4_official_metadata_candidate,official_source_candidate,europe_official_source_map,europe_top_flight,frauen_bundesliga_germany,Frauen-Bundesliga,sgs_essen,SGS Essen,,official_source_map,source_metadata_review_only,P0_OFFICIAL_FEDERATION_ROSTER,official_federation,high,no,datencenter.dfb.de,sgs_essen,https://datencenter.dfb.de/competitions/google-pixel-frauen-bundesliga/seasons/google-pixel-frauen-bundesliga-2025-2026/teams/sgs-essen,p1_europe_gray_area_source_review,2_source_verification_gray_or_reputable,14,not_render_ready_source_candidate_only,Use as source metadata candidate only; Europe rows remain not render-ready.,no,,,,,,,,true,false,false,false,false,false,false,false,false,false,false
92,4_official_metadata_candidate,official_source_candidate,europe_official_source_map,europe_top_flight,frauen_bundesliga_germany,Frauen-Bundesliga,sv_werder_bremen_women,SV Werder Bremen Women,,official_source_map,source_metadata_review_only,P0_OFFICIAL_FEDERATION_ROSTER,official_federation,high,no,datencenter.dfb.de,sv_werder_bremen_women,https://datencenter.dfb.de/competitions/google-pixel-frauen-bundesliga/seasons/google-pixel-frauen-bundesliga-2025-2026/teams/sv-werder-bremen-29374,p1_europe_gray_area_source_review,2_source_verification_gray_or_reputable,14,not_render_ready_source_candidate_only,Use as source metadata candidate only; Europe rows remain not render-ready.,no,,,,,,,,true,false,false,false,false,false,false,false,false,false,false
93,4_official_metadata_candidate,official_source_candidate,europe_official_source_map,europe_top_flight,frauen_bundesliga_germany,Frauen-Bundesliga,union_berlin_women,Union Berlin Women,,official_source_map,source_metadata_review_only,P0_OFFICIAL_FEDERATION_ROSTER,official_federation,high,no,datencenter.dfb.de,union_berlin_women,https://datencenter.dfb.de/competitions/google-pixel-frauen-bundesliga/seasons/google-pixel-frauen-bundesliga-2025-2026/teams/1-fc-union-berlin-29398,p1_europe_gray_area_source_review,2_source_verification_gray_or_reputable,14,not_render_ready_source_candidate_only,Use as source metadata candidate only; Europe rows remain not render-ready.,no,,,,,,,,true,false,false,false,false,false,false,false,false,false,false
94,4_official_metadata_candidate,official_source_candidate,europe_official_source_map,europe_top_flight,frauen_bundesliga_germany,Frauen-Bundesliga,vfl_wolfsburg_women,VfL Wolfsburg Women,,official_source_map,source_metadata_review_only,P0_OFFICIAL_FEDERATION_ROSTER,official_federation,high,no,datencenter.dfb.de,vfl_wolfsburg_women,https://datencenter.dfb.de/competitions/google-pixel-frauen-bundesliga/seasons/google-pixel-frauen-bundesliga-2025-2026/teams/vfl-wolfsburg-2085,p1_europe_gray_area_source_review,2_source_verification_gray_or_reputable,14,not_render_ready_source_candidate_only,Use as source metadata candidate only; Europe rows remain not render-ready.,no,,,,,,,,true,false,false,false,false,false,false,false,false,false,false
95,4_official_metadata_candidate,official_source_candidate,europe_official_source_map,europe_top_flight,serie_a_women_italy,Serie A Women,fc_internazionale_women,FC Internazionale Women,,official_source_map,source_metadata_review_only,P0_OFFICIAL_CLUB_ROSTER,official_team,high,no,inter.it,fc_internazionale_women,https://www.inter.it/en/teams/inter-women,p1_europe_gray_area_source_review,2_source_verification_gray_or_reputable,12,not_render_ready_source_candidate_only,Use as source metadata candidate only; Europe rows remain not render-ready.,no,,,,,,,,true,false,false,false,false,false,false,false,false,false,false
