priority,sport_family,sport_label,asset_domain,entity_id,display_name,candidate_id,review_state,board_to_open,contact_sheet_to_open,intake_to_fill,source_url,local_asset_path,local_asset_present,current_source_reviewed,current_identity_status,fields_to_fill_after_manual_review,fields_to_keep_blank_until_review,fields_that_must_remain_hold,next_human_action,guardrail_note
L01,womens_hockey,Women's Hockey,logo,pwhl,Professional Women's Hockey League,league_mark,source_candidate_only_local_logo_missing,data/asset_registry/womens_hockey/womens_hockey_logo_contact_sheet.md,data/asset_registry/womens_hockey/womens_hockey_logo_contact_sheet.csv,data/asset_registry/womens_hockey/womens_hockey_logo_review_intake.csv,https://www.thepwhl.com/en/,assets/leagues/womens_hockey/pwhl/league_mark.png,no,yes,yes,operator_decision; source_reviewed; identity_match; source_url_to_record; operator_notes; reviewed_by; reviewed_at_local,reviewed_by; reviewed_at_local; source_url_to_record,registry_action=hold_no_registry_state_change_until_local_logo_asset_exists; publish_ready=false; auto_approval=false; auto_publish=false; move_files=false; paid_apis=false; asset_downloads=false,"Open the logo board/source page, compare mark identity, then fill the logo intake; keep registry action hold-only until a local logo asset is manually supplied and reviewed.",review-only; no downloads; no approval-state change
L02,womens_hockey,Women's Hockey,logo,boston_fleet,Boston Fleet,primary_logo,source_candidate_only_local_logo_missing,data/asset_registry/womens_hockey/womens_hockey_logo_contact_sheet.md,data/asset_registry/womens_hockey/womens_hockey_logo_contact_sheet.csv,data/asset_registry/womens_hockey/womens_hockey_logo_review_intake.csv,https://www.thepwhl.com/en/teams/boston-fleet,assets/leagues/womens_hockey/pwhl/teams/boston_fleet/logo.png,no,yes,yes,operator_decision; source_reviewed; identity_match; source_url_to_record; operator_notes; reviewed_by; reviewed_at_local,reviewed_by; reviewed_at_local; source_url_to_record,registry_action=hold_no_registry_state_change_until_local_logo_asset_exists; publish_ready=false; auto_approval=false; auto_publish=false; move_files=false; paid_apis=false; asset_downloads=false,"Open the logo board/source page, compare mark identity, then fill the logo intake; keep registry action hold-only until a local logo asset is manually supplied and reviewed.",review-only; no downloads; no approval-state change
L03,womens_hockey,Women's Hockey,logo,detroit,PWHL Detroit,primary_logo,source_candidate_only_local_logo_missing,data/asset_registry/womens_hockey/womens_hockey_logo_contact_sheet.md,data/asset_registry/womens_hockey/womens_hockey_logo_contact_sheet.csv,data/asset_registry/womens_hockey/womens_hockey_logo_review_intake.csv,https://www.thepwhl.com/en/teams/detroit,assets/leagues/womens_hockey/pwhl/teams/detroit/logo.png,no,yes,yes,operator_decision; source_reviewed; identity_match; source_url_to_record; operator_notes; reviewed_by; reviewed_at_local,reviewed_by; reviewed_at_local; source_url_to_record,registry_action=hold_no_registry_state_change_until_local_logo_asset_exists; publish_ready=false; auto_approval=false; auto_publish=false; move_files=false; paid_apis=false; asset_downloads=false,"Open the logo board/source page, compare mark identity, then fill the logo intake; keep registry action hold-only until a local logo asset is manually supplied and reviewed.",review-only; no downloads; no approval-state change
L04,womens_hockey,Women's Hockey,logo,hamilton,PWHL Hamilton,primary_logo,source_candidate_only_local_logo_missing,data/asset_registry/womens_hockey/womens_hockey_logo_contact_sheet.md,data/asset_registry/womens_hockey/womens_hockey_logo_contact_sheet.csv,data/asset_registry/womens_hockey/womens_hockey_logo_review_intake.csv,https://www.thepwhl.com/en/teams/hamilton,assets/leagues/womens_hockey/pwhl/teams/hamilton/logo.png,no,yes,yes,operator_decision; source_reviewed; identity_match; source_url_to_record; operator_notes; reviewed_by; reviewed_at_local,reviewed_by; reviewed_at_local; source_url_to_record,registry_action=hold_no_registry_state_change_until_local_logo_asset_exists; publish_ready=false; auto_approval=false; auto_publish=false; move_files=false; paid_apis=false; asset_downloads=false,"Open the logo board/source page, compare mark identity, then fill the logo intake; keep registry action hold-only until a local logo asset is manually supplied and reviewed.",review-only; no downloads; no approval-state change
L05,womens_hockey,Women's Hockey,logo,las_vegas,PWHL Las Vegas,primary_logo,source_candidate_only_local_logo_missing,data/asset_registry/womens_hockey/womens_hockey_logo_contact_sheet.md,data/asset_registry/womens_hockey/womens_hockey_logo_contact_sheet.csv,data/asset_registry/womens_hockey/womens_hockey_logo_review_intake.csv,https://www.thepwhl.com/en/teams/las-vegas,assets/leagues/womens_hockey/pwhl/teams/las_vegas/logo.png,no,yes,yes,operator_decision; source_reviewed; identity_match; source_url_to_record; operator_notes; reviewed_by; reviewed_at_local,reviewed_by; reviewed_at_local; source_url_to_record,registry_action=hold_no_registry_state_change_until_local_logo_asset_exists; publish_ready=false; auto_approval=false; auto_publish=false; move_files=false; paid_apis=false; asset_downloads=false,"Open the logo board/source page, compare mark identity, then fill the logo intake; keep registry action hold-only until a local logo asset is manually supplied and reviewed.",review-only; no downloads; no approval-state change
L06,womens_hockey,Women's Hockey,logo,minnesota_frost,Minnesota Frost,primary_logo,source_candidate_only_local_logo_missing,data/asset_registry/womens_hockey/womens_hockey_logo_contact_sheet.md,data/asset_registry/womens_hockey/womens_hockey_logo_contact_sheet.csv,data/asset_registry/womens_hockey/womens_hockey_logo_review_intake.csv,https://www.thepwhl.com/en/teams/minnesota-frost,assets/leagues/womens_hockey/pwhl/teams/minnesota_frost/logo.png,no,yes,yes,operator_decision; source_reviewed; identity_match; source_url_to_record; operator_notes; reviewed_by; reviewed_at_local,reviewed_by; reviewed_at_local; source_url_to_record,registry_action=hold_no_registry_state_change_until_local_logo_asset_exists; publish_ready=false; auto_approval=false; auto_publish=false; move_files=false; paid_apis=false; asset_downloads=false,"Open the logo board/source page, compare mark identity, then fill the logo intake; keep registry action hold-only until a local logo asset is manually supplied and reviewed.",review-only; no downloads; no approval-state change
L07,womens_hockey,Women's Hockey,logo,montreal_victoire,Montreal Victoire,primary_logo,source_candidate_only_local_logo_missing,data/asset_registry/womens_hockey/womens_hockey_logo_contact_sheet.md,data/asset_registry/womens_hockey/womens_hockey_logo_contact_sheet.csv,data/asset_registry/womens_hockey/womens_hockey_logo_review_intake.csv,https://www.thepwhl.com/en/teams/montreal-victoire,assets/leagues/womens_hockey/pwhl/teams/montreal_victoire/logo.png,no,yes,yes,operator_decision; source_reviewed; identity_match; source_url_to_record; operator_notes; reviewed_by; reviewed_at_local,reviewed_by; reviewed_at_local; source_url_to_record,registry_action=hold_no_registry_state_change_until_local_logo_asset_exists; publish_ready=false; auto_approval=false; auto_publish=false; move_files=false; paid_apis=false; asset_downloads=false,"Open the logo board/source page, compare mark identity, then fill the logo intake; keep registry action hold-only until a local logo asset is manually supplied and reviewed.",review-only; no downloads; no approval-state change
L08,womens_hockey,Women's Hockey,logo,new_york_sirens,New York Sirens,primary_logo,source_candidate_only_local_logo_missing,data/asset_registry/womens_hockey/womens_hockey_logo_contact_sheet.md,data/asset_registry/womens_hockey/womens_hockey_logo_contact_sheet.csv,data/asset_registry/womens_hockey/womens_hockey_logo_review_intake.csv,https://www.thepwhl.com/en/teams/new-york-sirens,assets/leagues/womens_hockey/pwhl/teams/new_york_sirens/logo.png,no,yes,yes,operator_decision; source_reviewed; identity_match; source_url_to_record; operator_notes; reviewed_by; reviewed_at_local,reviewed_by; reviewed_at_local; source_url_to_record,registry_action=hold_no_registry_state_change_until_local_logo_asset_exists; publish_ready=false; auto_approval=false; auto_publish=false; move_files=false; paid_apis=false; asset_downloads=false,"Open the logo board/source page, compare mark identity, then fill the logo intake; keep registry action hold-only until a local logo asset is manually supplied and reviewed.",review-only; no downloads; no approval-state change
L09,womens_hockey,Women's Hockey,logo,ottawa_charge,Ottawa Charge,primary_logo,source_candidate_only_local_logo_missing,data/asset_registry/womens_hockey/womens_hockey_logo_contact_sheet.md,data/asset_registry/womens_hockey/womens_hockey_logo_contact_sheet.csv,data/asset_registry/womens_hockey/womens_hockey_logo_review_intake.csv,https://www.thepwhl.com/en/teams/ottawa-charge,assets/leagues/womens_hockey/pwhl/teams/ottawa_charge/logo.png,no,yes,yes,operator_decision; source_reviewed; identity_match; source_url_to_record; operator_notes; reviewed_by; reviewed_at_local,reviewed_by; reviewed_at_local; source_url_to_record,registry_action=hold_no_registry_state_change_until_local_logo_asset_exists; publish_ready=false; auto_approval=false; auto_publish=false; move_files=false; paid_apis=false; asset_downloads=false,"Open the logo board/source page, compare mark identity, then fill the logo intake; keep registry action hold-only until a local logo asset is manually supplied and reviewed.",review-only; no downloads; no approval-state change
L10,womens_hockey,Women's Hockey,logo,san_jose,PWHL San Jose,primary_logo,source_candidate_only_local_logo_missing,data/asset_registry/womens_hockey/womens_hockey_logo_contact_sheet.md,data/asset_registry/womens_hockey/womens_hockey_logo_contact_sheet.csv,data/asset_registry/womens_hockey/womens_hockey_logo_review_intake.csv,https://www.thepwhl.com/en/teams/san-jose,assets/leagues/womens_hockey/pwhl/teams/san_jose/logo.png,no,yes,yes,operator_decision; source_reviewed; identity_match; source_url_to_record; operator_notes; reviewed_by; reviewed_at_local,reviewed_by; reviewed_at_local; source_url_to_record,registry_action=hold_no_registry_state_change_until_local_logo_asset_exists; publish_ready=false; auto_approval=false; auto_publish=false; move_files=false; paid_apis=false; asset_downloads=false,"Open the logo board/source page, compare mark identity, then fill the logo intake; keep registry action hold-only until a local logo asset is manually supplied and reviewed.",review-only; no downloads; no approval-state change
L11,womens_hockey,Women's Hockey,logo,seattle_torrent,Seattle Torrent,primary_logo,source_candidate_only_local_logo_missing,data/asset_registry/womens_hockey/womens_hockey_logo_contact_sheet.md,data/asset_registry/womens_hockey/womens_hockey_logo_contact_sheet.csv,data/asset_registry/womens_hockey/womens_hockey_logo_review_intake.csv,https://www.thepwhl.com/en/teams/seattle-torrent,assets/leagues/womens_hockey/pwhl/teams/seattle_torrent/logo.png,no,yes,yes,operator_decision; source_reviewed; identity_match; source_url_to_record; operator_notes; reviewed_by; reviewed_at_local,reviewed_by; reviewed_at_local; source_url_to_record,registry_action=hold_no_registry_state_change_until_local_logo_asset_exists; publish_ready=false; auto_approval=false; auto_publish=false; move_files=false; paid_apis=false; asset_downloads=false,"Open the logo board/source page, compare mark identity, then fill the logo intake; keep registry action hold-only until a local logo asset is manually supplied and reviewed.",review-only; no downloads; no approval-state change
L12,womens_hockey,Women's Hockey,logo,toronto_sceptres,Toronto Sceptres,primary_logo,source_candidate_only_local_logo_missing,data/asset_registry/womens_hockey/womens_hockey_logo_contact_sheet.md,data/asset_registry/womens_hockey/womens_hockey_logo_contact_sheet.csv,data/asset_registry/womens_hockey/womens_hockey_logo_review_intake.csv,https://www.thepwhl.com/en/teams/toronto-sceptres,assets/leagues/womens_hockey/pwhl/teams/toronto_sceptres/logo.png,no,yes,yes,operator_decision; source_reviewed; identity_match; source_url_to_record; operator_notes; reviewed_by; reviewed_at_local,reviewed_by; reviewed_at_local; source_url_to_record,registry_action=hold_no_registry_state_change_until_local_logo_asset_exists; publish_ready=false; auto_approval=false; auto_publish=false; move_files=false; paid_apis=false; asset_downloads=false,"Open the logo board/source page, compare mark identity, then fill the logo intake; keep registry action hold-only until a local logo asset is manually supplied and reviewed.",review-only; no downloads; no approval-state change
L13,womens_hockey,Women's Hockey,logo,vancouver_goldeneyes,Vancouver Goldeneyes,primary_logo,source_candidate_only_local_logo_missing,data/asset_registry/womens_hockey/womens_hockey_logo_contact_sheet.md,data/asset_registry/womens_hockey/womens_hockey_logo_contact_sheet.csv,data/asset_registry/womens_hockey/womens_hockey_logo_review_intake.csv,https://www.thepwhl.com/en/teams/vancouver-goldeneyes,assets/leagues/womens_hockey/pwhl/teams/vancouver_goldeneyes/logo.png,no,yes,yes,operator_decision; source_reviewed; identity_match; source_url_to_record; operator_notes; reviewed_by; reviewed_at_local,reviewed_by; reviewed_at_local; source_url_to_record,registry_action=hold_no_registry_state_change_until_local_logo_asset_exists; publish_ready=false; auto_approval=false; auto_publish=false; move_files=false; paid_apis=false; asset_downloads=false,"Open the logo board/source page, compare mark identity, then fill the logo intake; keep registry action hold-only until a local logo asset is manually supplied and reviewed.",review-only; no downloads; no approval-state change
A01,womens_hockey,Women's Hockey,athlete_photo,boston_fleet,operator_add_player_from_team_roster,boston_fleet_roster_source_candidate_01,source_candidate_only_local_asset_missing,data/asset_registry/womens_hockey/athlete_photo_contact_sheets/boston_fleet.md,data/asset_registry/womens_hockey/womens_hockey_athlete_photo_contact_sheet.csv,data/asset_registry/womens_hockey/womens_hockey_athlete_photo_review_intake.csv,https://www.thepwhl.com/en/teams/boston-fleet/roster,assets/leagues/womens_hockey/pwhl/athletes/boston_fleet/boston_fleet_roster_source_candidate_01/headshot.png,no,no,no,source_reviewed; source_allowed_for_review_only; rights_reviewed; source_url_to_record; operator_notes; reviewed_by; reviewed_at_local,source_url_to_record; reviewed_by; reviewed_at_local,operator_decision=hold_identity; identity_verified=no until named athlete evidence; local_file_reviewed=no until local file exists; registry_action=hold_no_registry_state_change_until_local_candidate_asset_exists; publish_ready=false; auto_approval=false; auto_publish=false; move_files=false; paid_apis=false; asset_downloads=false,"Open the team board/source URL, confirm source/rights posture, then fill only source-review fields in the athlete intake; keep identity/local-file/approval fields held until a named athlete and local candidate asset exist.",review-only; source candidate only unless local asset exists; no headshot or marker writes
A02,womens_hockey,Women's Hockey,athlete_photo,boston_fleet,operator_add_player_from_team_profile_source,boston_fleet_team_profile_source_candidate_02,source_candidate_only_local_asset_missing,data/asset_registry/womens_hockey/athlete_photo_contact_sheets/boston_fleet.md,data/asset_registry/womens_hockey/womens_hockey_athlete_photo_contact_sheet.csv,data/asset_registry/womens_hockey/womens_hockey_athlete_photo_review_intake.csv,https://www.thepwhl.com/en/teams/boston-fleet,assets/leagues/womens_hockey/pwhl/athletes/boston_fleet/boston_fleet_team_profile_source_candidate_02/headshot.png,no,no,no,source_reviewed; source_allowed_for_review_only; rights_reviewed; source_url_to_record; operator_notes; reviewed_by; reviewed_at_local,source_url_to_record; reviewed_by; reviewed_at_local,operator_decision=hold_identity; identity_verified=no until named athlete evidence; local_file_reviewed=no until local file exists; registry_action=hold_no_registry_state_change_until_local_candidate_asset_exists; publish_ready=false; auto_approval=false; auto_publish=false; move_files=false; paid_apis=false; asset_downloads=false,"Open the team board/source URL, confirm source/rights posture, then fill only source-review fields in the athlete intake; keep identity/local-file/approval fields held until a named athlete and local candidate asset exist.",review-only; source candidate only unless local asset exists; no headshot or marker writes
A03,womens_hockey,Women's Hockey,athlete_photo,boston_fleet,operator_add_player_from_league_player_index,boston_fleet_league_player_index_candidate_03,source_candidate_only_local_asset_missing,data/asset_registry/womens_hockey/athlete_photo_contact_sheets/boston_fleet.md,data/asset_registry/womens_hockey/womens_hockey_athlete_photo_contact_sheet.csv,data/asset_registry/womens_hockey/womens_hockey_athlete_photo_review_intake.csv,https://www.thepwhl.com/en/stats/player-stats,assets/leagues/womens_hockey/pwhl/athletes/boston_fleet/boston_fleet_league_player_index_candidate_03/headshot.png,no,no,no,source_reviewed; source_allowed_for_review_only; rights_reviewed; source_url_to_record; operator_notes; reviewed_by; reviewed_at_local,source_url_to_record; reviewed_by; reviewed_at_local,operator_decision=hold_identity; identity_verified=no until named athlete evidence; local_file_reviewed=no until local file exists; registry_action=hold_no_registry_state_change_until_local_candidate_asset_exists; publish_ready=false; auto_approval=false; auto_publish=false; move_files=false; paid_apis=false; asset_downloads=false,"Open the team board/source URL, confirm source/rights posture, then fill only source-review fields in the athlete intake; keep identity/local-file/approval fields held until a named athlete and local candidate asset exist.",review-only; source candidate only unless local asset exists; no headshot or marker writes
A04,womens_hockey,Women's Hockey,athlete_photo,detroit,operator_add_player_from_team_roster,detroit_roster_source_candidate_01,source_candidate_only_local_asset_missing,data/asset_registry/womens_hockey/athlete_photo_contact_sheets/detroit.md,data/asset_registry/womens_hockey/womens_hockey_athlete_photo_contact_sheet.csv,data/asset_registry/womens_hockey/womens_hockey_athlete_photo_review_intake.csv,https://www.thepwhl.com/en/teams/detroit/roster,assets/leagues/womens_hockey/pwhl/athletes/detroit/detroit_roster_source_candidate_01/headshot.png,no,no,no,source_reviewed; source_allowed_for_review_only; rights_reviewed; source_url_to_record; operator_notes; reviewed_by; reviewed_at_local,source_url_to_record; reviewed_by; reviewed_at_local,operator_decision=hold_identity; identity_verified=no until named athlete evidence; local_file_reviewed=no until local file exists; registry_action=hold_no_registry_state_change_until_local_candidate_asset_exists; publish_ready=false; auto_approval=false; auto_publish=false; move_files=false; paid_apis=false; asset_downloads=false,"Open the team board/source URL, confirm source/rights posture, then fill only source-review fields in the athlete intake; keep identity/local-file/approval fields held until a named athlete and local candidate asset exist.",review-only; source candidate only unless local asset exists; no headshot or marker writes
A05,womens_hockey,Women's Hockey,athlete_photo,detroit,operator_add_player_from_team_profile_source,detroit_team_profile_source_candidate_02,source_candidate_only_local_asset_missing,data/asset_registry/womens_hockey/athlete_photo_contact_sheets/detroit.md,data/asset_registry/womens_hockey/womens_hockey_athlete_photo_contact_sheet.csv,data/asset_registry/womens_hockey/womens_hockey_athlete_photo_review_intake.csv,https://www.thepwhl.com/en/teams/detroit,assets/leagues/womens_hockey/pwhl/athletes/detroit/detroit_team_profile_source_candidate_02/headshot.png,no,no,no,source_reviewed; source_allowed_for_review_only; rights_reviewed; source_url_to_record; operator_notes; reviewed_by; reviewed_at_local,source_url_to_record; reviewed_by; reviewed_at_local,operator_decision=hold_identity; identity_verified=no until named athlete evidence; local_file_reviewed=no until local file exists; registry_action=hold_no_registry_state_change_until_local_candidate_asset_exists; publish_ready=false; auto_approval=false; auto_publish=false; move_files=false; paid_apis=false; asset_downloads=false,"Open the team board/source URL, confirm source/rights posture, then fill only source-review fields in the athlete intake; keep identity/local-file/approval fields held until a named athlete and local candidate asset exist.",review-only; source candidate only unless local asset exists; no headshot or marker writes
A06,womens_hockey,Women's Hockey,athlete_photo,detroit,operator_add_player_from_league_player_index,detroit_league_player_index_candidate_03,source_candidate_only_local_asset_missing,data/asset_registry/womens_hockey/athlete_photo_contact_sheets/detroit.md,data/asset_registry/womens_hockey/womens_hockey_athlete_photo_contact_sheet.csv,data/asset_registry/womens_hockey/womens_hockey_athlete_photo_review_intake.csv,https://www.thepwhl.com/en/stats/player-stats,assets/leagues/womens_hockey/pwhl/athletes/detroit/detroit_league_player_index_candidate_03/headshot.png,no,no,no,source_reviewed; source_allowed_for_review_only; rights_reviewed; source_url_to_record; operator_notes; reviewed_by; reviewed_at_local,source_url_to_record; reviewed_by; reviewed_at_local,operator_decision=hold_identity; identity_verified=no until named athlete evidence; local_file_reviewed=no until local file exists; registry_action=hold_no_registry_state_change_until_local_candidate_asset_exists; publish_ready=false; auto_approval=false; auto_publish=false; move_files=false; paid_apis=false; asset_downloads=false,"Open the team board/source URL, confirm source/rights posture, then fill only source-review fields in the athlete intake; keep identity/local-file/approval fields held until a named athlete and local candidate asset exist.",review-only; source candidate only unless local asset exists; no headshot or marker writes
A07,womens_hockey,Women's Hockey,athlete_photo,hamilton,operator_add_player_from_team_roster,hamilton_roster_source_candidate_01,source_candidate_only_local_asset_missing,data/asset_registry/womens_hockey/athlete_photo_contact_sheets/hamilton.md,data/asset_registry/womens_hockey/womens_hockey_athlete_photo_contact_sheet.csv,data/asset_registry/womens_hockey/womens_hockey_athlete_photo_review_intake.csv,https://www.thepwhl.com/en/teams/hamilton/roster,assets/leagues/womens_hockey/pwhl/athletes/hamilton/hamilton_roster_source_candidate_01/headshot.png,no,no,no,source_reviewed; source_allowed_for_review_only; rights_reviewed; source_url_to_record; operator_notes; reviewed_by; reviewed_at_local,source_url_to_record; reviewed_by; reviewed_at_local,operator_decision=hold_identity; identity_verified=no until named athlete evidence; local_file_reviewed=no until local file exists; registry_action=hold_no_registry_state_change_until_local_candidate_asset_exists; publish_ready=false; auto_approval=false; auto_publish=false; move_files=false; paid_apis=false; asset_downloads=false,"Open the team board/source URL, confirm source/rights posture, then fill only source-review fields in the athlete intake; keep identity/local-file/approval fields held until a named athlete and local candidate asset exist.",review-only; source candidate only unless local asset exists; no headshot or marker writes
A08,womens_hockey,Women's Hockey,athlete_photo,hamilton,operator_add_player_from_team_profile_source,hamilton_team_profile_source_candidate_02,source_candidate_only_local_asset_missing,data/asset_registry/womens_hockey/athlete_photo_contact_sheets/hamilton.md,data/asset_registry/womens_hockey/womens_hockey_athlete_photo_contact_sheet.csv,data/asset_registry/womens_hockey/womens_hockey_athlete_photo_review_intake.csv,https://www.thepwhl.com/en/teams/hamilton,assets/leagues/womens_hockey/pwhl/athletes/hamilton/hamilton_team_profile_source_candidate_02/headshot.png,no,no,no,source_reviewed; source_allowed_for_review_only; rights_reviewed; source_url_to_record; operator_notes; reviewed_by; reviewed_at_local,source_url_to_record; reviewed_by; reviewed_at_local,operator_decision=hold_identity; identity_verified=no until named athlete evidence; local_file_reviewed=no until local file exists; registry_action=hold_no_registry_state_change_until_local_candidate_asset_exists; publish_ready=false; auto_approval=false; auto_publish=false; move_files=false; paid_apis=false; asset_downloads=false,"Open the team board/source URL, confirm source/rights posture, then fill only source-review fields in the athlete intake; keep identity/local-file/approval fields held until a named athlete and local candidate asset exist.",review-only; source candidate only unless local asset exists; no headshot or marker writes
A09,womens_hockey,Women's Hockey,athlete_photo,hamilton,operator_add_player_from_league_player_index,hamilton_league_player_index_candidate_03,source_candidate_only_local_asset_missing,data/asset_registry/womens_hockey/athlete_photo_contact_sheets/hamilton.md,data/asset_registry/womens_hockey/womens_hockey_athlete_photo_contact_sheet.csv,data/asset_registry/womens_hockey/womens_hockey_athlete_photo_review_intake.csv,https://www.thepwhl.com/en/stats/player-stats,assets/leagues/womens_hockey/pwhl/athletes/hamilton/hamilton_league_player_index_candidate_03/headshot.png,no,no,no,source_reviewed; source_allowed_for_review_only; rights_reviewed; source_url_to_record; operator_notes; reviewed_by; reviewed_at_local,source_url_to_record; reviewed_by; reviewed_at_local,operator_decision=hold_identity; identity_verified=no until named athlete evidence; local_file_reviewed=no until local file exists; registry_action=hold_no_registry_state_change_until_local_candidate_asset_exists; publish_ready=false; auto_approval=false; auto_publish=false; move_files=false; paid_apis=false; asset_downloads=false,"Open the team board/source URL, confirm source/rights posture, then fill only source-review fields in the athlete intake; keep identity/local-file/approval fields held until a named athlete and local candidate asset exist.",review-only; source candidate only unless local asset exists; no headshot or marker writes
A10,womens_hockey,Women's Hockey,athlete_photo,las_vegas,operator_add_player_from_team_roster,las_vegas_roster_source_candidate_01,source_candidate_only_local_asset_missing,data/asset_registry/womens_hockey/athlete_photo_contact_sheets/las_vegas.md,data/asset_registry/womens_hockey/womens_hockey_athlete_photo_contact_sheet.csv,data/asset_registry/womens_hockey/womens_hockey_athlete_photo_review_intake.csv,https://www.thepwhl.com/en/teams/las-vegas/roster,assets/leagues/womens_hockey/pwhl/athletes/las_vegas/las_vegas_roster_source_candidate_01/headshot.png,no,no,no,source_reviewed; source_allowed_for_review_only; rights_reviewed; source_url_to_record; operator_notes; reviewed_by; reviewed_at_local,source_url_to_record; reviewed_by; reviewed_at_local,operator_decision=hold_identity; identity_verified=no until named athlete evidence; local_file_reviewed=no until local file exists; registry_action=hold_no_registry_state_change_until_local_candidate_asset_exists; publish_ready=false; auto_approval=false; auto_publish=false; move_files=false; paid_apis=false; asset_downloads=false,"Open the team board/source URL, confirm source/rights posture, then fill only source-review fields in the athlete intake; keep identity/local-file/approval fields held until a named athlete and local candidate asset exist.",review-only; source candidate only unless local asset exists; no headshot or marker writes
A11,womens_hockey,Women's Hockey,athlete_photo,las_vegas,operator_add_player_from_team_profile_source,las_vegas_team_profile_source_candidate_02,source_candidate_only_local_asset_missing,data/asset_registry/womens_hockey/athlete_photo_contact_sheets/las_vegas.md,data/asset_registry/womens_hockey/womens_hockey_athlete_photo_contact_sheet.csv,data/asset_registry/womens_hockey/womens_hockey_athlete_photo_review_intake.csv,https://www.thepwhl.com/en/teams/las-vegas,assets/leagues/womens_hockey/pwhl/athletes/las_vegas/las_vegas_team_profile_source_candidate_02/headshot.png,no,no,no,source_reviewed; source_allowed_for_review_only; rights_reviewed; source_url_to_record; operator_notes; reviewed_by; reviewed_at_local,source_url_to_record; reviewed_by; reviewed_at_local,operator_decision=hold_identity; identity_verified=no until named athlete evidence; local_file_reviewed=no until local file exists; registry_action=hold_no_registry_state_change_until_local_candidate_asset_exists; publish_ready=false; auto_approval=false; auto_publish=false; move_files=false; paid_apis=false; asset_downloads=false,"Open the team board/source URL, confirm source/rights posture, then fill only source-review fields in the athlete intake; keep identity/local-file/approval fields held until a named athlete and local candidate asset exist.",review-only; source candidate only unless local asset exists; no headshot or marker writes
A12,womens_hockey,Women's Hockey,athlete_photo,las_vegas,operator_add_player_from_league_player_index,las_vegas_league_player_index_candidate_03,source_candidate_only_local_asset_missing,data/asset_registry/womens_hockey/athlete_photo_contact_sheets/las_vegas.md,data/asset_registry/womens_hockey/womens_hockey_athlete_photo_contact_sheet.csv,data/asset_registry/womens_hockey/womens_hockey_athlete_photo_review_intake.csv,https://www.thepwhl.com/en/stats/player-stats,assets/leagues/womens_hockey/pwhl/athletes/las_vegas/las_vegas_league_player_index_candidate_03/headshot.png,no,no,no,source_reviewed; source_allowed_for_review_only; rights_reviewed; source_url_to_record; operator_notes; reviewed_by; reviewed_at_local,source_url_to_record; reviewed_by; reviewed_at_local,operator_decision=hold_identity; identity_verified=no until named athlete evidence; local_file_reviewed=no until local file exists; registry_action=hold_no_registry_state_change_until_local_candidate_asset_exists; publish_ready=false; auto_approval=false; auto_publish=false; move_files=false; paid_apis=false; asset_downloads=false,"Open the team board/source URL, confirm source/rights posture, then fill only source-review fields in the athlete intake; keep identity/local-file/approval fields held until a named athlete and local candidate asset exist.",review-only; source candidate only unless local asset exists; no headshot or marker writes
A13,womens_hockey,Women's Hockey,athlete_photo,minnesota_frost,operator_add_player_from_team_roster,minnesota_frost_roster_source_candidate_01,source_candidate_only_local_asset_missing,data/asset_registry/womens_hockey/athlete_photo_contact_sheets/minnesota_frost.md,data/asset_registry/womens_hockey/womens_hockey_athlete_photo_contact_sheet.csv,data/asset_registry/womens_hockey/womens_hockey_athlete_photo_review_intake.csv,https://www.thepwhl.com/en/teams/minnesota-frost/roster,assets/leagues/womens_hockey/pwhl/athletes/minnesota_frost/minnesota_frost_roster_source_candidate_01/headshot.png,no,no,no,source_reviewed; source_allowed_for_review_only; rights_reviewed; source_url_to_record; operator_notes; reviewed_by; reviewed_at_local,source_url_to_record; reviewed_by; reviewed_at_local,operator_decision=hold_identity; identity_verified=no until named athlete evidence; local_file_reviewed=no until local file exists; registry_action=hold_no_registry_state_change_until_local_candidate_asset_exists; publish_ready=false; auto_approval=false; auto_publish=false; move_files=false; paid_apis=false; asset_downloads=false,"Open the team board/source URL, confirm source/rights posture, then fill only source-review fields in the athlete intake; keep identity/local-file/approval fields held until a named athlete and local candidate asset exist.",review-only; source candidate only unless local asset exists; no headshot or marker writes
A14,womens_hockey,Women's Hockey,athlete_photo,minnesota_frost,operator_add_player_from_team_profile_source,minnesota_frost_team_profile_source_candidate_02,source_candidate_only_local_asset_missing,data/asset_registry/womens_hockey/athlete_photo_contact_sheets/minnesota_frost.md,data/asset_registry/womens_hockey/womens_hockey_athlete_photo_contact_sheet.csv,data/asset_registry/womens_hockey/womens_hockey_athlete_photo_review_intake.csv,https://www.thepwhl.com/en/teams/minnesota-frost,assets/leagues/womens_hockey/pwhl/athletes/minnesota_frost/minnesota_frost_team_profile_source_candidate_02/headshot.png,no,no,no,source_reviewed; source_allowed_for_review_only; rights_reviewed; source_url_to_record; operator_notes; reviewed_by; reviewed_at_local,source_url_to_record; reviewed_by; reviewed_at_local,operator_decision=hold_identity; identity_verified=no until named athlete evidence; local_file_reviewed=no until local file exists; registry_action=hold_no_registry_state_change_until_local_candidate_asset_exists; publish_ready=false; auto_approval=false; auto_publish=false; move_files=false; paid_apis=false; asset_downloads=false,"Open the team board/source URL, confirm source/rights posture, then fill only source-review fields in the athlete intake; keep identity/local-file/approval fields held until a named athlete and local candidate asset exist.",review-only; source candidate only unless local asset exists; no headshot or marker writes
A15,womens_hockey,Women's Hockey,athlete_photo,minnesota_frost,operator_add_player_from_league_player_index,minnesota_frost_league_player_index_candidate_03,source_candidate_only_local_asset_missing,data/asset_registry/womens_hockey/athlete_photo_contact_sheets/minnesota_frost.md,data/asset_registry/womens_hockey/womens_hockey_athlete_photo_contact_sheet.csv,data/asset_registry/womens_hockey/womens_hockey_athlete_photo_review_intake.csv,https://www.thepwhl.com/en/stats/player-stats,assets/leagues/womens_hockey/pwhl/athletes/minnesota_frost/minnesota_frost_league_player_index_candidate_03/headshot.png,no,no,no,source_reviewed; source_allowed_for_review_only; rights_reviewed; source_url_to_record; operator_notes; reviewed_by; reviewed_at_local,source_url_to_record; reviewed_by; reviewed_at_local,operator_decision=hold_identity; identity_verified=no until named athlete evidence; local_file_reviewed=no until local file exists; registry_action=hold_no_registry_state_change_until_local_candidate_asset_exists; publish_ready=false; auto_approval=false; auto_publish=false; move_files=false; paid_apis=false; asset_downloads=false,"Open the team board/source URL, confirm source/rights posture, then fill only source-review fields in the athlete intake; keep identity/local-file/approval fields held until a named athlete and local candidate asset exist.",review-only; source candidate only unless local asset exists; no headshot or marker writes
A16,womens_hockey,Women's Hockey,athlete_photo,montreal_victoire,operator_add_player_from_team_roster,montreal_victoire_roster_source_candidate_01,source_candidate_only_local_asset_missing,data/asset_registry/womens_hockey/athlete_photo_contact_sheets/montreal_victoire.md,data/asset_registry/womens_hockey/womens_hockey_athlete_photo_contact_sheet.csv,data/asset_registry/womens_hockey/womens_hockey_athlete_photo_review_intake.csv,https://www.thepwhl.com/en/teams/montreal-victoire/roster,assets/leagues/womens_hockey/pwhl/athletes/montreal_victoire/montreal_victoire_roster_source_candidate_01/headshot.png,no,no,no,source_reviewed; source_allowed_for_review_only; rights_reviewed; source_url_to_record; operator_notes; reviewed_by; reviewed_at_local,source_url_to_record; reviewed_by; reviewed_at_local,operator_decision=hold_identity; identity_verified=no until named athlete evidence; local_file_reviewed=no until local file exists; registry_action=hold_no_registry_state_change_until_local_candidate_asset_exists; publish_ready=false; auto_approval=false; auto_publish=false; move_files=false; paid_apis=false; asset_downloads=false,"Open the team board/source URL, confirm source/rights posture, then fill only source-review fields in the athlete intake; keep identity/local-file/approval fields held until a named athlete and local candidate asset exist.",review-only; source candidate only unless local asset exists; no headshot or marker writes
A17,womens_hockey,Women's Hockey,athlete_photo,montreal_victoire,operator_add_player_from_team_profile_source,montreal_victoire_team_profile_source_candidate_02,source_candidate_only_local_asset_missing,data/asset_registry/womens_hockey/athlete_photo_contact_sheets/montreal_victoire.md,data/asset_registry/womens_hockey/womens_hockey_athlete_photo_contact_sheet.csv,data/asset_registry/womens_hockey/womens_hockey_athlete_photo_review_intake.csv,https://www.thepwhl.com/en/teams/montreal-victoire,assets/leagues/womens_hockey/pwhl/athletes/montreal_victoire/montreal_victoire_team_profile_source_candidate_02/headshot.png,no,no,no,source_reviewed; source_allowed_for_review_only; rights_reviewed; source_url_to_record; operator_notes; reviewed_by; reviewed_at_local,source_url_to_record; reviewed_by; reviewed_at_local,operator_decision=hold_identity; identity_verified=no until named athlete evidence; local_file_reviewed=no until local file exists; registry_action=hold_no_registry_state_change_until_local_candidate_asset_exists; publish_ready=false; auto_approval=false; auto_publish=false; move_files=false; paid_apis=false; asset_downloads=false,"Open the team board/source URL, confirm source/rights posture, then fill only source-review fields in the athlete intake; keep identity/local-file/approval fields held until a named athlete and local candidate asset exist.",review-only; source candidate only unless local asset exists; no headshot or marker writes
A18,womens_hockey,Women's Hockey,athlete_photo,montreal_victoire,operator_add_player_from_league_player_index,montreal_victoire_league_player_index_candidate_03,source_candidate_only_local_asset_missing,data/asset_registry/womens_hockey/athlete_photo_contact_sheets/montreal_victoire.md,data/asset_registry/womens_hockey/womens_hockey_athlete_photo_contact_sheet.csv,data/asset_registry/womens_hockey/womens_hockey_athlete_photo_review_intake.csv,https://www.thepwhl.com/en/stats/player-stats,assets/leagues/womens_hockey/pwhl/athletes/montreal_victoire/montreal_victoire_league_player_index_candidate_03/headshot.png,no,no,no,source_reviewed; source_allowed_for_review_only; rights_reviewed; source_url_to_record; operator_notes; reviewed_by; reviewed_at_local,source_url_to_record; reviewed_by; reviewed_at_local,operator_decision=hold_identity; identity_verified=no until named athlete evidence; local_file_reviewed=no until local file exists; registry_action=hold_no_registry_state_change_until_local_candidate_asset_exists; publish_ready=false; auto_approval=false; auto_publish=false; move_files=false; paid_apis=false; asset_downloads=false,"Open the team board/source URL, confirm source/rights posture, then fill only source-review fields in the athlete intake; keep identity/local-file/approval fields held until a named athlete and local candidate asset exist.",review-only; source candidate only unless local asset exists; no headshot or marker writes
A19,womens_hockey,Women's Hockey,athlete_photo,new_york_sirens,operator_add_player_from_team_roster,new_york_sirens_roster_source_candidate_01,source_candidate_only_local_asset_missing,data/asset_registry/womens_hockey/athlete_photo_contact_sheets/new_york_sirens.md,data/asset_registry/womens_hockey/womens_hockey_athlete_photo_contact_sheet.csv,data/asset_registry/womens_hockey/womens_hockey_athlete_photo_review_intake.csv,https://www.thepwhl.com/en/teams/new-york-sirens/roster,assets/leagues/womens_hockey/pwhl/athletes/new_york_sirens/new_york_sirens_roster_source_candidate_01/headshot.png,no,no,no,source_reviewed; source_allowed_for_review_only; rights_reviewed; source_url_to_record; operator_notes; reviewed_by; reviewed_at_local,source_url_to_record; reviewed_by; reviewed_at_local,operator_decision=hold_identity; identity_verified=no until named athlete evidence; local_file_reviewed=no until local file exists; registry_action=hold_no_registry_state_change_until_local_candidate_asset_exists; publish_ready=false; auto_approval=false; auto_publish=false; move_files=false; paid_apis=false; asset_downloads=false,"Open the team board/source URL, confirm source/rights posture, then fill only source-review fields in the athlete intake; keep identity/local-file/approval fields held until a named athlete and local candidate asset exist.",review-only; source candidate only unless local asset exists; no headshot or marker writes
A20,womens_hockey,Women's Hockey,athlete_photo,new_york_sirens,operator_add_player_from_team_profile_source,new_york_sirens_team_profile_source_candidate_02,source_candidate_only_local_asset_missing,data/asset_registry/womens_hockey/athlete_photo_contact_sheets/new_york_sirens.md,data/asset_registry/womens_hockey/womens_hockey_athlete_photo_contact_sheet.csv,data/asset_registry/womens_hockey/womens_hockey_athlete_photo_review_intake.csv,https://www.thepwhl.com/en/teams/new-york-sirens,assets/leagues/womens_hockey/pwhl/athletes/new_york_sirens/new_york_sirens_team_profile_source_candidate_02/headshot.png,no,no,no,source_reviewed; source_allowed_for_review_only; rights_reviewed; source_url_to_record; operator_notes; reviewed_by; reviewed_at_local,source_url_to_record; reviewed_by; reviewed_at_local,operator_decision=hold_identity; identity_verified=no until named athlete evidence; local_file_reviewed=no until local file exists; registry_action=hold_no_registry_state_change_until_local_candidate_asset_exists; publish_ready=false; auto_approval=false; auto_publish=false; move_files=false; paid_apis=false; asset_downloads=false,"Open the team board/source URL, confirm source/rights posture, then fill only source-review fields in the athlete intake; keep identity/local-file/approval fields held until a named athlete and local candidate asset exist.",review-only; source candidate only unless local asset exists; no headshot or marker writes
A21,womens_hockey,Women's Hockey,athlete_photo,new_york_sirens,operator_add_player_from_league_player_index,new_york_sirens_league_player_index_candidate_03,source_candidate_only_local_asset_missing,data/asset_registry/womens_hockey/athlete_photo_contact_sheets/new_york_sirens.md,data/asset_registry/womens_hockey/womens_hockey_athlete_photo_contact_sheet.csv,data/asset_registry/womens_hockey/womens_hockey_athlete_photo_review_intake.csv,https://www.thepwhl.com/en/stats/player-stats,assets/leagues/womens_hockey/pwhl/athletes/new_york_sirens/new_york_sirens_league_player_index_candidate_03/headshot.png,no,no,no,source_reviewed; source_allowed_for_review_only; rights_reviewed; source_url_to_record; operator_notes; reviewed_by; reviewed_at_local,source_url_to_record; reviewed_by; reviewed_at_local,operator_decision=hold_identity; identity_verified=no until named athlete evidence; local_file_reviewed=no until local file exists; registry_action=hold_no_registry_state_change_until_local_candidate_asset_exists; publish_ready=false; auto_approval=false; auto_publish=false; move_files=false; paid_apis=false; asset_downloads=false,"Open the team board/source URL, confirm source/rights posture, then fill only source-review fields in the athlete intake; keep identity/local-file/approval fields held until a named athlete and local candidate asset exist.",review-only; source candidate only unless local asset exists; no headshot or marker writes
A22,womens_hockey,Women's Hockey,athlete_photo,ottawa_charge,operator_add_player_from_team_roster,ottawa_charge_roster_source_candidate_01,source_candidate_only_local_asset_missing,data/asset_registry/womens_hockey/athlete_photo_contact_sheets/ottawa_charge.md,data/asset_registry/womens_hockey/womens_hockey_athlete_photo_contact_sheet.csv,data/asset_registry/womens_hockey/womens_hockey_athlete_photo_review_intake.csv,https://www.thepwhl.com/en/teams/ottawa-charge/roster,assets/leagues/womens_hockey/pwhl/athletes/ottawa_charge/ottawa_charge_roster_source_candidate_01/headshot.png,no,no,no,source_reviewed; source_allowed_for_review_only; rights_reviewed; source_url_to_record; operator_notes; reviewed_by; reviewed_at_local,source_url_to_record; reviewed_by; reviewed_at_local,operator_decision=hold_identity; identity_verified=no until named athlete evidence; local_file_reviewed=no until local file exists; registry_action=hold_no_registry_state_change_until_local_candidate_asset_exists; publish_ready=false; auto_approval=false; auto_publish=false; move_files=false; paid_apis=false; asset_downloads=false,"Open the team board/source URL, confirm source/rights posture, then fill only source-review fields in the athlete intake; keep identity/local-file/approval fields held until a named athlete and local candidate asset exist.",review-only; source candidate only unless local asset exists; no headshot or marker writes
A23,womens_hockey,Women's Hockey,athlete_photo,ottawa_charge,operator_add_player_from_team_profile_source,ottawa_charge_team_profile_source_candidate_02,source_candidate_only_local_asset_missing,data/asset_registry/womens_hockey/athlete_photo_contact_sheets/ottawa_charge.md,data/asset_registry/womens_hockey/womens_hockey_athlete_photo_contact_sheet.csv,data/asset_registry/womens_hockey/womens_hockey_athlete_photo_review_intake.csv,https://www.thepwhl.com/en/teams/ottawa-charge,assets/leagues/womens_hockey/pwhl/athletes/ottawa_charge/ottawa_charge_team_profile_source_candidate_02/headshot.png,no,no,no,source_reviewed; source_allowed_for_review_only; rights_reviewed; source_url_to_record; operator_notes; reviewed_by; reviewed_at_local,source_url_to_record; reviewed_by; reviewed_at_local,operator_decision=hold_identity; identity_verified=no until named athlete evidence; local_file_reviewed=no until local file exists; registry_action=hold_no_registry_state_change_until_local_candidate_asset_exists; publish_ready=false; auto_approval=false; auto_publish=false; move_files=false; paid_apis=false; asset_downloads=false,"Open the team board/source URL, confirm source/rights posture, then fill only source-review fields in the athlete intake; keep identity/local-file/approval fields held until a named athlete and local candidate asset exist.",review-only; source candidate only unless local asset exists; no headshot or marker writes
A24,womens_hockey,Women's Hockey,athlete_photo,ottawa_charge,operator_add_player_from_league_player_index,ottawa_charge_league_player_index_candidate_03,source_candidate_only_local_asset_missing,data/asset_registry/womens_hockey/athlete_photo_contact_sheets/ottawa_charge.md,data/asset_registry/womens_hockey/womens_hockey_athlete_photo_contact_sheet.csv,data/asset_registry/womens_hockey/womens_hockey_athlete_photo_review_intake.csv,https://www.thepwhl.com/en/stats/player-stats,assets/leagues/womens_hockey/pwhl/athletes/ottawa_charge/ottawa_charge_league_player_index_candidate_03/headshot.png,no,no,no,source_reviewed; source_allowed_for_review_only; rights_reviewed; source_url_to_record; operator_notes; reviewed_by; reviewed_at_local,source_url_to_record; reviewed_by; reviewed_at_local,operator_decision=hold_identity; identity_verified=no until named athlete evidence; local_file_reviewed=no until local file exists; registry_action=hold_no_registry_state_change_until_local_candidate_asset_exists; publish_ready=false; auto_approval=false; auto_publish=false; move_files=false; paid_apis=false; asset_downloads=false,"Open the team board/source URL, confirm source/rights posture, then fill only source-review fields in the athlete intake; keep identity/local-file/approval fields held until a named athlete and local candidate asset exist.",review-only; source candidate only unless local asset exists; no headshot or marker writes
A25,womens_hockey,Women's Hockey,athlete_photo,san_jose,operator_add_player_from_team_roster,san_jose_roster_source_candidate_01,source_candidate_only_local_asset_missing,data/asset_registry/womens_hockey/athlete_photo_contact_sheets/san_jose.md,data/asset_registry/womens_hockey/womens_hockey_athlete_photo_contact_sheet.csv,data/asset_registry/womens_hockey/womens_hockey_athlete_photo_review_intake.csv,https://www.thepwhl.com/en/teams/san-jose/roster,assets/leagues/womens_hockey/pwhl/athletes/san_jose/san_jose_roster_source_candidate_01/headshot.png,no,no,no,source_reviewed; source_allowed_for_review_only; rights_reviewed; source_url_to_record; operator_notes; reviewed_by; reviewed_at_local,source_url_to_record; reviewed_by; reviewed_at_local,operator_decision=hold_identity; identity_verified=no until named athlete evidence; local_file_reviewed=no until local file exists; registry_action=hold_no_registry_state_change_until_local_candidate_asset_exists; publish_ready=false; auto_approval=false; auto_publish=false; move_files=false; paid_apis=false; asset_downloads=false,"Open the team board/source URL, confirm source/rights posture, then fill only source-review fields in the athlete intake; keep identity/local-file/approval fields held until a named athlete and local candidate asset exist.",review-only; source candidate only unless local asset exists; no headshot or marker writes
A26,womens_hockey,Women's Hockey,athlete_photo,san_jose,operator_add_player_from_team_profile_source,san_jose_team_profile_source_candidate_02,source_candidate_only_local_asset_missing,data/asset_registry/womens_hockey/athlete_photo_contact_sheets/san_jose.md,data/asset_registry/womens_hockey/womens_hockey_athlete_photo_contact_sheet.csv,data/asset_registry/womens_hockey/womens_hockey_athlete_photo_review_intake.csv,https://www.thepwhl.com/en/teams/san-jose,assets/leagues/womens_hockey/pwhl/athletes/san_jose/san_jose_team_profile_source_candidate_02/headshot.png,no,no,no,source_reviewed; source_allowed_for_review_only; rights_reviewed; source_url_to_record; operator_notes; reviewed_by; reviewed_at_local,source_url_to_record; reviewed_by; reviewed_at_local,operator_decision=hold_identity; identity_verified=no until named athlete evidence; local_file_reviewed=no until local file exists; registry_action=hold_no_registry_state_change_until_local_candidate_asset_exists; publish_ready=false; auto_approval=false; auto_publish=false; move_files=false; paid_apis=false; asset_downloads=false,"Open the team board/source URL, confirm source/rights posture, then fill only source-review fields in the athlete intake; keep identity/local-file/approval fields held until a named athlete and local candidate asset exist.",review-only; source candidate only unless local asset exists; no headshot or marker writes
A27,womens_hockey,Women's Hockey,athlete_photo,san_jose,operator_add_player_from_league_player_index,san_jose_league_player_index_candidate_03,source_candidate_only_local_asset_missing,data/asset_registry/womens_hockey/athlete_photo_contact_sheets/san_jose.md,data/asset_registry/womens_hockey/womens_hockey_athlete_photo_contact_sheet.csv,data/asset_registry/womens_hockey/womens_hockey_athlete_photo_review_intake.csv,https://www.thepwhl.com/en/stats/player-stats,assets/leagues/womens_hockey/pwhl/athletes/san_jose/san_jose_league_player_index_candidate_03/headshot.png,no,no,no,source_reviewed; source_allowed_for_review_only; rights_reviewed; source_url_to_record; operator_notes; reviewed_by; reviewed_at_local,source_url_to_record; reviewed_by; reviewed_at_local,operator_decision=hold_identity; identity_verified=no until named athlete evidence; local_file_reviewed=no until local file exists; registry_action=hold_no_registry_state_change_until_local_candidate_asset_exists; publish_ready=false; auto_approval=false; auto_publish=false; move_files=false; paid_apis=false; asset_downloads=false,"Open the team board/source URL, confirm source/rights posture, then fill only source-review fields in the athlete intake; keep identity/local-file/approval fields held until a named athlete and local candidate asset exist.",review-only; source candidate only unless local asset exists; no headshot or marker writes
A28,womens_hockey,Women's Hockey,athlete_photo,seattle_torrent,operator_add_player_from_team_roster,seattle_torrent_roster_source_candidate_01,source_candidate_only_local_asset_missing,data/asset_registry/womens_hockey/athlete_photo_contact_sheets/seattle_torrent.md,data/asset_registry/womens_hockey/womens_hockey_athlete_photo_contact_sheet.csv,data/asset_registry/womens_hockey/womens_hockey_athlete_photo_review_intake.csv,https://www.thepwhl.com/en/teams/seattle-torrent/roster,assets/leagues/womens_hockey/pwhl/athletes/seattle_torrent/seattle_torrent_roster_source_candidate_01/headshot.png,no,no,no,source_reviewed; source_allowed_for_review_only; rights_reviewed; source_url_to_record; operator_notes; reviewed_by; reviewed_at_local,source_url_to_record; reviewed_by; reviewed_at_local,operator_decision=hold_identity; identity_verified=no until named athlete evidence; local_file_reviewed=no until local file exists; registry_action=hold_no_registry_state_change_until_local_candidate_asset_exists; publish_ready=false; auto_approval=false; auto_publish=false; move_files=false; paid_apis=false; asset_downloads=false,"Open the team board/source URL, confirm source/rights posture, then fill only source-review fields in the athlete intake; keep identity/local-file/approval fields held until a named athlete and local candidate asset exist.",review-only; source candidate only unless local asset exists; no headshot or marker writes
A29,womens_hockey,Women's Hockey,athlete_photo,seattle_torrent,operator_add_player_from_team_profile_source,seattle_torrent_team_profile_source_candidate_02,source_candidate_only_local_asset_missing,data/asset_registry/womens_hockey/athlete_photo_contact_sheets/seattle_torrent.md,data/asset_registry/womens_hockey/womens_hockey_athlete_photo_contact_sheet.csv,data/asset_registry/womens_hockey/womens_hockey_athlete_photo_review_intake.csv,https://www.thepwhl.com/en/teams/seattle-torrent,assets/leagues/womens_hockey/pwhl/athletes/seattle_torrent/seattle_torrent_team_profile_source_candidate_02/headshot.png,no,no,no,source_reviewed; source_allowed_for_review_only; rights_reviewed; source_url_to_record; operator_notes; reviewed_by; reviewed_at_local,source_url_to_record; reviewed_by; reviewed_at_local,operator_decision=hold_identity; identity_verified=no until named athlete evidence; local_file_reviewed=no until local file exists; registry_action=hold_no_registry_state_change_until_local_candidate_asset_exists; publish_ready=false; auto_approval=false; auto_publish=false; move_files=false; paid_apis=false; asset_downloads=false,"Open the team board/source URL, confirm source/rights posture, then fill only source-review fields in the athlete intake; keep identity/local-file/approval fields held until a named athlete and local candidate asset exist.",review-only; source candidate only unless local asset exists; no headshot or marker writes
A30,womens_hockey,Women's Hockey,athlete_photo,seattle_torrent,operator_add_player_from_league_player_index,seattle_torrent_league_player_index_candidate_03,source_candidate_only_local_asset_missing,data/asset_registry/womens_hockey/athlete_photo_contact_sheets/seattle_torrent.md,data/asset_registry/womens_hockey/womens_hockey_athlete_photo_contact_sheet.csv,data/asset_registry/womens_hockey/womens_hockey_athlete_photo_review_intake.csv,https://www.thepwhl.com/en/stats/player-stats,assets/leagues/womens_hockey/pwhl/athletes/seattle_torrent/seattle_torrent_league_player_index_candidate_03/headshot.png,no,no,no,source_reviewed; source_allowed_for_review_only; rights_reviewed; source_url_to_record; operator_notes; reviewed_by; reviewed_at_local,source_url_to_record; reviewed_by; reviewed_at_local,operator_decision=hold_identity; identity_verified=no until named athlete evidence; local_file_reviewed=no until local file exists; registry_action=hold_no_registry_state_change_until_local_candidate_asset_exists; publish_ready=false; auto_approval=false; auto_publish=false; move_files=false; paid_apis=false; asset_downloads=false,"Open the team board/source URL, confirm source/rights posture, then fill only source-review fields in the athlete intake; keep identity/local-file/approval fields held until a named athlete and local candidate asset exist.",review-only; source candidate only unless local asset exists; no headshot or marker writes
A31,womens_hockey,Women's Hockey,athlete_photo,toronto_sceptres,operator_add_player_from_team_roster,toronto_sceptres_roster_source_candidate_01,source_candidate_only_local_asset_missing,data/asset_registry/womens_hockey/athlete_photo_contact_sheets/toronto_sceptres.md,data/asset_registry/womens_hockey/womens_hockey_athlete_photo_contact_sheet.csv,data/asset_registry/womens_hockey/womens_hockey_athlete_photo_review_intake.csv,https://www.thepwhl.com/en/teams/toronto-sceptres/roster,assets/leagues/womens_hockey/pwhl/athletes/toronto_sceptres/toronto_sceptres_roster_source_candidate_01/headshot.png,no,no,no,source_reviewed; source_allowed_for_review_only; rights_reviewed; source_url_to_record; operator_notes; reviewed_by; reviewed_at_local,source_url_to_record; reviewed_by; reviewed_at_local,operator_decision=hold_identity; identity_verified=no until named athlete evidence; local_file_reviewed=no until local file exists; registry_action=hold_no_registry_state_change_until_local_candidate_asset_exists; publish_ready=false; auto_approval=false; auto_publish=false; move_files=false; paid_apis=false; asset_downloads=false,"Open the team board/source URL, confirm source/rights posture, then fill only source-review fields in the athlete intake; keep identity/local-file/approval fields held until a named athlete and local candidate asset exist.",review-only; source candidate only unless local asset exists; no headshot or marker writes
A32,womens_hockey,Women's Hockey,athlete_photo,toronto_sceptres,operator_add_player_from_team_profile_source,toronto_sceptres_team_profile_source_candidate_02,source_candidate_only_local_asset_missing,data/asset_registry/womens_hockey/athlete_photo_contact_sheets/toronto_sceptres.md,data/asset_registry/womens_hockey/womens_hockey_athlete_photo_contact_sheet.csv,data/asset_registry/womens_hockey/womens_hockey_athlete_photo_review_intake.csv,https://www.thepwhl.com/en/teams/toronto-sceptres,assets/leagues/womens_hockey/pwhl/athletes/toronto_sceptres/toronto_sceptres_team_profile_source_candidate_02/headshot.png,no,no,no,source_reviewed; source_allowed_for_review_only; rights_reviewed; source_url_to_record; operator_notes; reviewed_by; reviewed_at_local,source_url_to_record; reviewed_by; reviewed_at_local,operator_decision=hold_identity; identity_verified=no until named athlete evidence; local_file_reviewed=no until local file exists; registry_action=hold_no_registry_state_change_until_local_candidate_asset_exists; publish_ready=false; auto_approval=false; auto_publish=false; move_files=false; paid_apis=false; asset_downloads=false,"Open the team board/source URL, confirm source/rights posture, then fill only source-review fields in the athlete intake; keep identity/local-file/approval fields held until a named athlete and local candidate asset exist.",review-only; source candidate only unless local asset exists; no headshot or marker writes
A33,womens_hockey,Women's Hockey,athlete_photo,toronto_sceptres,operator_add_player_from_league_player_index,toronto_sceptres_league_player_index_candidate_03,source_candidate_only_local_asset_missing,data/asset_registry/womens_hockey/athlete_photo_contact_sheets/toronto_sceptres.md,data/asset_registry/womens_hockey/womens_hockey_athlete_photo_contact_sheet.csv,data/asset_registry/womens_hockey/womens_hockey_athlete_photo_review_intake.csv,https://www.thepwhl.com/en/stats/player-stats,assets/leagues/womens_hockey/pwhl/athletes/toronto_sceptres/toronto_sceptres_league_player_index_candidate_03/headshot.png,no,no,no,source_reviewed; source_allowed_for_review_only; rights_reviewed; source_url_to_record; operator_notes; reviewed_by; reviewed_at_local,source_url_to_record; reviewed_by; reviewed_at_local,operator_decision=hold_identity; identity_verified=no until named athlete evidence; local_file_reviewed=no until local file exists; registry_action=hold_no_registry_state_change_until_local_candidate_asset_exists; publish_ready=false; auto_approval=false; auto_publish=false; move_files=false; paid_apis=false; asset_downloads=false,"Open the team board/source URL, confirm source/rights posture, then fill only source-review fields in the athlete intake; keep identity/local-file/approval fields held until a named athlete and local candidate asset exist.",review-only; source candidate only unless local asset exists; no headshot or marker writes
A34,womens_hockey,Women's Hockey,athlete_photo,vancouver_goldeneyes,operator_add_player_from_team_roster,vancouver_goldeneyes_roster_source_candidate_01,source_candidate_only_local_asset_missing,data/asset_registry/womens_hockey/athlete_photo_contact_sheets/vancouver_goldeneyes.md,data/asset_registry/womens_hockey/womens_hockey_athlete_photo_contact_sheet.csv,data/asset_registry/womens_hockey/womens_hockey_athlete_photo_review_intake.csv,https://www.thepwhl.com/en/teams/vancouver-goldeneyes/roster,assets/leagues/womens_hockey/pwhl/athletes/vancouver_goldeneyes/vancouver_goldeneyes_roster_source_candidate_01/headshot.png,no,no,no,source_reviewed; source_allowed_for_review_only; rights_reviewed; source_url_to_record; operator_notes; reviewed_by; reviewed_at_local,source_url_to_record; reviewed_by; reviewed_at_local,operator_decision=hold_identity; identity_verified=no until named athlete evidence; local_file_reviewed=no until local file exists; registry_action=hold_no_registry_state_change_until_local_candidate_asset_exists; publish_ready=false; auto_approval=false; auto_publish=false; move_files=false; paid_apis=false; asset_downloads=false,"Open the team board/source URL, confirm source/rights posture, then fill only source-review fields in the athlete intake; keep identity/local-file/approval fields held until a named athlete and local candidate asset exist.",review-only; source candidate only unless local asset exists; no headshot or marker writes
A35,womens_hockey,Women's Hockey,athlete_photo,vancouver_goldeneyes,operator_add_player_from_team_profile_source,vancouver_goldeneyes_team_profile_source_candidate_02,source_candidate_only_local_asset_missing,data/asset_registry/womens_hockey/athlete_photo_contact_sheets/vancouver_goldeneyes.md,data/asset_registry/womens_hockey/womens_hockey_athlete_photo_contact_sheet.csv,data/asset_registry/womens_hockey/womens_hockey_athlete_photo_review_intake.csv,https://www.thepwhl.com/en/teams/vancouver-goldeneyes,assets/leagues/womens_hockey/pwhl/athletes/vancouver_goldeneyes/vancouver_goldeneyes_team_profile_source_candidate_02/headshot.png,no,no,no,source_reviewed; source_allowed_for_review_only; rights_reviewed; source_url_to_record; operator_notes; reviewed_by; reviewed_at_local,source_url_to_record; reviewed_by; reviewed_at_local,operator_decision=hold_identity; identity_verified=no until named athlete evidence; local_file_reviewed=no until local file exists; registry_action=hold_no_registry_state_change_until_local_candidate_asset_exists; publish_ready=false; auto_approval=false; auto_publish=false; move_files=false; paid_apis=false; asset_downloads=false,"Open the team board/source URL, confirm source/rights posture, then fill only source-review fields in the athlete intake; keep identity/local-file/approval fields held until a named athlete and local candidate asset exist.",review-only; source candidate only unless local asset exists; no headshot or marker writes
A36,womens_hockey,Women's Hockey,athlete_photo,vancouver_goldeneyes,operator_add_player_from_league_player_index,vancouver_goldeneyes_league_player_index_candidate_03,source_candidate_only_local_asset_missing,data/asset_registry/womens_hockey/athlete_photo_contact_sheets/vancouver_goldeneyes.md,data/asset_registry/womens_hockey/womens_hockey_athlete_photo_contact_sheet.csv,data/asset_registry/womens_hockey/womens_hockey_athlete_photo_review_intake.csv,https://www.thepwhl.com/en/stats/player-stats,assets/leagues/womens_hockey/pwhl/athletes/vancouver_goldeneyes/vancouver_goldeneyes_league_player_index_candidate_03/headshot.png,no,no,no,source_reviewed; source_allowed_for_review_only; rights_reviewed; source_url_to_record; operator_notes; reviewed_by; reviewed_at_local,source_url_to_record; reviewed_by; reviewed_at_local,operator_decision=hold_identity; identity_verified=no until named athlete evidence; local_file_reviewed=no until local file exists; registry_action=hold_no_registry_state_change_until_local_candidate_asset_exists; publish_ready=false; auto_approval=false; auto_publish=false; move_files=false; paid_apis=false; asset_downloads=false,"Open the team board/source URL, confirm source/rights posture, then fill only source-review fields in the athlete intake; keep identity/local-file/approval fields held until a named athlete and local candidate asset exist.",review-only; source candidate only unless local asset exists; no headshot or marker writes
L01,softball,Softball,logo,ausl,Athletes Unlimited Softball League,league_mark,source_candidate_only_local_logo_missing,data/asset_registry/softball/softball_logo_contact_sheet.md,data/asset_registry/softball/softball_logo_contact_sheet.csv,data/asset_registry/softball/softball_logo_review_intake.csv,https://theausl.com/,assets/leagues/softball/ausl/league_mark.png,no,yes,yes,operator_decision; source_reviewed; identity_match; source_url_to_record; operator_notes; reviewed_by; reviewed_at_local,reviewed_by; reviewed_at_local; source_url_to_record,registry_action=hold_no_registry_state_change_until_local_logo_asset_exists; publish_ready=false; auto_approval=false; auto_publish=false; move_files=false; paid_apis=false; asset_downloads=false,"Open the logo board/source page, compare mark identity, then fill the logo intake; keep registry action hold-only until a local logo asset is manually supplied and reviewed.",review-only; no downloads; no approval-state change
L02,softball,Softball,logo,carolina_blaze,Carolina Blaze,primary_logo,source_candidate_only_local_logo_missing,data/asset_registry/softball/softball_logo_contact_sheet.md,data/asset_registry/softball/softball_logo_contact_sheet.csv,data/asset_registry/softball/softball_logo_review_intake.csv,https://theausl.com/blaze/,assets/leagues/softball/ausl/teams/carolina_blaze/logo.png,no,yes,yes,operator_decision; source_reviewed; identity_match; source_url_to_record; operator_notes; reviewed_by; reviewed_at_local,reviewed_by; reviewed_at_local; source_url_to_record,registry_action=hold_no_registry_state_change_until_local_logo_asset_exists; publish_ready=false; auto_approval=false; auto_publish=false; move_files=false; paid_apis=false; asset_downloads=false,"Open the logo board/source page, compare mark identity, then fill the logo intake; keep registry action hold-only until a local logo asset is manually supplied and reviewed.",review-only; no downloads; no approval-state change
L03,softball,Softball,logo,chicago_bandits,Chicago Bandits,primary_logo,source_candidate_only_local_logo_missing,data/asset_registry/softball/softball_logo_contact_sheet.md,data/asset_registry/softball/softball_logo_contact_sheet.csv,data/asset_registry/softball/softball_logo_review_intake.csv,https://theausl.com/bandits/,assets/leagues/softball/ausl/teams/chicago_bandits/logo.png,no,yes,yes,operator_decision; source_reviewed; identity_match; source_url_to_record; operator_notes; reviewed_by; reviewed_at_local,reviewed_by; reviewed_at_local; source_url_to_record,registry_action=hold_no_registry_state_change_until_local_logo_asset_exists; publish_ready=false; auto_approval=false; auto_publish=false; move_files=false; paid_apis=false; asset_downloads=false,"Open the logo board/source page, compare mark identity, then fill the logo intake; keep registry action hold-only until a local logo asset is manually supplied and reviewed.",review-only; no downloads; no approval-state change
L04,softball,Softball,logo,oklahoma_city_spark,Oklahoma City Spark,primary_logo,source_candidate_only_local_logo_missing,data/asset_registry/softball/softball_logo_contact_sheet.md,data/asset_registry/softball/softball_logo_contact_sheet.csv,data/asset_registry/softball/softball_logo_review_intake.csv,https://theausl.com/spark/,assets/leagues/softball/ausl/teams/oklahoma_city_spark/logo.png,no,yes,yes,operator_decision; source_reviewed; identity_match; source_url_to_record; operator_notes; reviewed_by; reviewed_at_local,reviewed_by; reviewed_at_local; source_url_to_record,registry_action=hold_no_registry_state_change_until_local_logo_asset_exists; publish_ready=false; auto_approval=false; auto_publish=false; move_files=false; paid_apis=false; asset_downloads=false,"Open the logo board/source page, compare mark identity, then fill the logo intake; keep registry action hold-only until a local logo asset is manually supplied and reviewed.",review-only; no downloads; no approval-state change
L05,softball,Softball,logo,portland_cascade,Portland Cascade,primary_logo,source_candidate_only_local_logo_missing,data/asset_registry/softball/softball_logo_contact_sheet.md,data/asset_registry/softball/softball_logo_contact_sheet.csv,data/asset_registry/softball/softball_logo_review_intake.csv,https://theausl.com/cascade/,assets/leagues/softball/ausl/teams/portland_cascade/logo.png,no,yes,yes,operator_decision; source_reviewed; identity_match; source_url_to_record; operator_notes; reviewed_by; reviewed_at_local,reviewed_by; reviewed_at_local; source_url_to_record,registry_action=hold_no_registry_state_change_until_local_logo_asset_exists; publish_ready=false; auto_approval=false; auto_publish=false; move_files=false; paid_apis=false; asset_downloads=false,"Open the logo board/source page, compare mark identity, then fill the logo intake; keep registry action hold-only until a local logo asset is manually supplied and reviewed.",review-only; no downloads; no approval-state change
L06,softball,Softball,logo,texas_volts,Texas Volts,primary_logo,source_candidate_only_local_logo_missing,data/asset_registry/softball/softball_logo_contact_sheet.md,data/asset_registry/softball/softball_logo_contact_sheet.csv,data/asset_registry/softball/softball_logo_review_intake.csv,https://theausl.com/volts/,assets/leagues/softball/ausl/teams/texas_volts/logo.png,no,yes,yes,operator_decision; source_reviewed; identity_match; source_url_to_record; operator_notes; reviewed_by; reviewed_at_local,reviewed_by; reviewed_at_local; source_url_to_record,registry_action=hold_no_registry_state_change_until_local_logo_asset_exists; publish_ready=false; auto_approval=false; auto_publish=false; move_files=false; paid_apis=false; asset_downloads=false,"Open the logo board/source page, compare mark identity, then fill the logo intake; keep registry action hold-only until a local logo asset is manually supplied and reviewed.",review-only; no downloads; no approval-state change
L07,softball,Softball,logo,utah_talons,Utah Talons,primary_logo,source_candidate_only_local_logo_missing,data/asset_registry/softball/softball_logo_contact_sheet.md,data/asset_registry/softball/softball_logo_contact_sheet.csv,data/asset_registry/softball/softball_logo_review_intake.csv,https://theausl.com/talons/,assets/leagues/softball/ausl/teams/utah_talons/logo.png,no,yes,yes,operator_decision; source_reviewed; identity_match; source_url_to_record; operator_notes; reviewed_by; reviewed_at_local,reviewed_by; reviewed_at_local; source_url_to_record,registry_action=hold_no_registry_state_change_until_local_logo_asset_exists; publish_ready=false; auto_approval=false; auto_publish=false; move_files=false; paid_apis=false; asset_downloads=false,"Open the logo board/source page, compare mark identity, then fill the logo intake; keep registry action hold-only until a local logo asset is manually supplied and reviewed.",review-only; no downloads; no approval-state change
A01,softball,Softball,athlete_photo,carolina_blaze,operator_add_player_from_team_roster,carolina_blaze_roster_source_candidate_01,source_candidate_only_local_asset_missing,data/asset_registry/softball/athlete_photo_contact_sheets/carolina_blaze.md,data/asset_registry/softball/softball_athlete_photo_contact_sheet.csv,data/asset_registry/softball/softball_athlete_photo_review_intake.csv,https://theausl.com/blaze/roster,assets/leagues/softball/ausl/athletes/carolina_blaze/carolina_blaze_roster_source_candidate_01/headshot.png,no,no,no,source_reviewed; source_allowed_for_review_only; rights_reviewed; source_url_to_record; operator_notes; reviewed_by; reviewed_at_local,source_url_to_record; reviewed_by; reviewed_at_local,operator_decision=hold_identity; identity_verified=no until named athlete evidence; local_file_reviewed=no until local file exists; registry_action=hold_no_registry_state_change_until_local_candidate_asset_exists; publish_ready=false; auto_approval=false; auto_publish=false; move_files=false; paid_apis=false; asset_downloads=false,"Open the team board/source URL, confirm source/rights posture, then fill only source-review fields in the athlete intake; keep identity/local-file/approval fields held until a named athlete and local candidate asset exist.",review-only; source candidate only unless local asset exists; no headshot or marker writes
A02,softball,Softball,athlete_photo,carolina_blaze,operator_add_player_from_team_profile_source,carolina_blaze_team_profile_source_candidate_02,source_candidate_only_local_asset_missing,data/asset_registry/softball/athlete_photo_contact_sheets/carolina_blaze.md,data/asset_registry/softball/softball_athlete_photo_contact_sheet.csv,data/asset_registry/softball/softball_athlete_photo_review_intake.csv,https://theausl.com/blaze/,assets/leagues/softball/ausl/athletes/carolina_blaze/carolina_blaze_team_profile_source_candidate_02/headshot.png,no,no,no,source_reviewed; source_allowed_for_review_only; rights_reviewed; source_url_to_record; operator_notes; reviewed_by; reviewed_at_local,source_url_to_record; reviewed_by; reviewed_at_local,operator_decision=hold_identity; identity_verified=no until named athlete evidence; local_file_reviewed=no until local file exists; registry_action=hold_no_registry_state_change_until_local_candidate_asset_exists; publish_ready=false; auto_approval=false; auto_publish=false; move_files=false; paid_apis=false; asset_downloads=false,"Open the team board/source URL, confirm source/rights posture, then fill only source-review fields in the athlete intake; keep identity/local-file/approval fields held until a named athlete and local candidate asset exist.",review-only; source candidate only unless local asset exists; no headshot or marker writes
A03,softball,Softball,athlete_photo,carolina_blaze,operator_add_player_from_league_player_index,carolina_blaze_league_player_index_candidate_03,source_candidate_only_local_asset_missing,data/asset_registry/softball/athlete_photo_contact_sheets/carolina_blaze.md,data/asset_registry/softball/softball_athlete_photo_contact_sheet.csv,data/asset_registry/softball/softball_athlete_photo_review_intake.csv,https://theausl.com/players/,assets/leagues/softball/ausl/athletes/carolina_blaze/carolina_blaze_league_player_index_candidate_03/headshot.png,no,no,no,source_reviewed; source_allowed_for_review_only; rights_reviewed; source_url_to_record; operator_notes; reviewed_by; reviewed_at_local,source_url_to_record; reviewed_by; reviewed_at_local,operator_decision=hold_identity; identity_verified=no until named athlete evidence; local_file_reviewed=no until local file exists; registry_action=hold_no_registry_state_change_until_local_candidate_asset_exists; publish_ready=false; auto_approval=false; auto_publish=false; move_files=false; paid_apis=false; asset_downloads=false,"Open the team board/source URL, confirm source/rights posture, then fill only source-review fields in the athlete intake; keep identity/local-file/approval fields held until a named athlete and local candidate asset exist.",review-only; source candidate only unless local asset exists; no headshot or marker writes
A04,softball,Softball,athlete_photo,chicago_bandits,operator_add_player_from_team_roster,chicago_bandits_roster_source_candidate_01,source_candidate_only_local_asset_missing,data/asset_registry/softball/athlete_photo_contact_sheets/chicago_bandits.md,data/asset_registry/softball/softball_athlete_photo_contact_sheet.csv,data/asset_registry/softball/softball_athlete_photo_review_intake.csv,https://theausl.com/bandits/roster,assets/leagues/softball/ausl/athletes/chicago_bandits/chicago_bandits_roster_source_candidate_01/headshot.png,no,no,no,source_reviewed; source_allowed_for_review_only; rights_reviewed; source_url_to_record; operator_notes; reviewed_by; reviewed_at_local,source_url_to_record; reviewed_by; reviewed_at_local,operator_decision=hold_identity; identity_verified=no until named athlete evidence; local_file_reviewed=no until local file exists; registry_action=hold_no_registry_state_change_until_local_candidate_asset_exists; publish_ready=false; auto_approval=false; auto_publish=false; move_files=false; paid_apis=false; asset_downloads=false,"Open the team board/source URL, confirm source/rights posture, then fill only source-review fields in the athlete intake; keep identity/local-file/approval fields held until a named athlete and local candidate asset exist.",review-only; source candidate only unless local asset exists; no headshot or marker writes
A05,softball,Softball,athlete_photo,chicago_bandits,operator_add_player_from_team_profile_source,chicago_bandits_team_profile_source_candidate_02,source_candidate_only_local_asset_missing,data/asset_registry/softball/athlete_photo_contact_sheets/chicago_bandits.md,data/asset_registry/softball/softball_athlete_photo_contact_sheet.csv,data/asset_registry/softball/softball_athlete_photo_review_intake.csv,https://theausl.com/bandits/,assets/leagues/softball/ausl/athletes/chicago_bandits/chicago_bandits_team_profile_source_candidate_02/headshot.png,no,no,no,source_reviewed; source_allowed_for_review_only; rights_reviewed; source_url_to_record; operator_notes; reviewed_by; reviewed_at_local,source_url_to_record; reviewed_by; reviewed_at_local,operator_decision=hold_identity; identity_verified=no until named athlete evidence; local_file_reviewed=no until local file exists; registry_action=hold_no_registry_state_change_until_local_candidate_asset_exists; publish_ready=false; auto_approval=false; auto_publish=false; move_files=false; paid_apis=false; asset_downloads=false,"Open the team board/source URL, confirm source/rights posture, then fill only source-review fields in the athlete intake; keep identity/local-file/approval fields held until a named athlete and local candidate asset exist.",review-only; source candidate only unless local asset exists; no headshot or marker writes
A06,softball,Softball,athlete_photo,chicago_bandits,operator_add_player_from_league_player_index,chicago_bandits_league_player_index_candidate_03,source_candidate_only_local_asset_missing,data/asset_registry/softball/athlete_photo_contact_sheets/chicago_bandits.md,data/asset_registry/softball/softball_athlete_photo_contact_sheet.csv,data/asset_registry/softball/softball_athlete_photo_review_intake.csv,https://theausl.com/players/,assets/leagues/softball/ausl/athletes/chicago_bandits/chicago_bandits_league_player_index_candidate_03/headshot.png,no,no,no,source_reviewed; source_allowed_for_review_only; rights_reviewed; source_url_to_record; operator_notes; reviewed_by; reviewed_at_local,source_url_to_record; reviewed_by; reviewed_at_local,operator_decision=hold_identity; identity_verified=no until named athlete evidence; local_file_reviewed=no until local file exists; registry_action=hold_no_registry_state_change_until_local_candidate_asset_exists; publish_ready=false; auto_approval=false; auto_publish=false; move_files=false; paid_apis=false; asset_downloads=false,"Open the team board/source URL, confirm source/rights posture, then fill only source-review fields in the athlete intake; keep identity/local-file/approval fields held until a named athlete and local candidate asset exist.",review-only; source candidate only unless local asset exists; no headshot or marker writes
A07,softball,Softball,athlete_photo,oklahoma_city_spark,operator_add_player_from_team_roster,oklahoma_city_spark_roster_source_candidate_01,source_candidate_only_local_asset_missing,data/asset_registry/softball/athlete_photo_contact_sheets/oklahoma_city_spark.md,data/asset_registry/softball/softball_athlete_photo_contact_sheet.csv,data/asset_registry/softball/softball_athlete_photo_review_intake.csv,https://theausl.com/spark/roster,assets/leagues/softball/ausl/athletes/oklahoma_city_spark/oklahoma_city_spark_roster_source_candidate_01/headshot.png,no,no,no,source_reviewed; source_allowed_for_review_only; rights_reviewed; source_url_to_record; operator_notes; reviewed_by; reviewed_at_local,source_url_to_record; reviewed_by; reviewed_at_local,operator_decision=hold_identity; identity_verified=no until named athlete evidence; local_file_reviewed=no until local file exists; registry_action=hold_no_registry_state_change_until_local_candidate_asset_exists; publish_ready=false; auto_approval=false; auto_publish=false; move_files=false; paid_apis=false; asset_downloads=false,"Open the team board/source URL, confirm source/rights posture, then fill only source-review fields in the athlete intake; keep identity/local-file/approval fields held until a named athlete and local candidate asset exist.",review-only; source candidate only unless local asset exists; no headshot or marker writes
A08,softball,Softball,athlete_photo,oklahoma_city_spark,operator_add_player_from_team_profile_source,oklahoma_city_spark_team_profile_source_candidate_02,source_candidate_only_local_asset_missing,data/asset_registry/softball/athlete_photo_contact_sheets/oklahoma_city_spark.md,data/asset_registry/softball/softball_athlete_photo_contact_sheet.csv,data/asset_registry/softball/softball_athlete_photo_review_intake.csv,https://theausl.com/spark/,assets/leagues/softball/ausl/athletes/oklahoma_city_spark/oklahoma_city_spark_team_profile_source_candidate_02/headshot.png,no,no,no,source_reviewed; source_allowed_for_review_only; rights_reviewed; source_url_to_record; operator_notes; reviewed_by; reviewed_at_local,source_url_to_record; reviewed_by; reviewed_at_local,operator_decision=hold_identity; identity_verified=no until named athlete evidence; local_file_reviewed=no until local file exists; registry_action=hold_no_registry_state_change_until_local_candidate_asset_exists; publish_ready=false; auto_approval=false; auto_publish=false; move_files=false; paid_apis=false; asset_downloads=false,"Open the team board/source URL, confirm source/rights posture, then fill only source-review fields in the athlete intake; keep identity/local-file/approval fields held until a named athlete and local candidate asset exist.",review-only; source candidate only unless local asset exists; no headshot or marker writes
A09,softball,Softball,athlete_photo,oklahoma_city_spark,operator_add_player_from_league_player_index,oklahoma_city_spark_league_player_index_candidate_03,source_candidate_only_local_asset_missing,data/asset_registry/softball/athlete_photo_contact_sheets/oklahoma_city_spark.md,data/asset_registry/softball/softball_athlete_photo_contact_sheet.csv,data/asset_registry/softball/softball_athlete_photo_review_intake.csv,https://theausl.com/players/,assets/leagues/softball/ausl/athletes/oklahoma_city_spark/oklahoma_city_spark_league_player_index_candidate_03/headshot.png,no,no,no,source_reviewed; source_allowed_for_review_only; rights_reviewed; source_url_to_record; operator_notes; reviewed_by; reviewed_at_local,source_url_to_record; reviewed_by; reviewed_at_local,operator_decision=hold_identity; identity_verified=no until named athlete evidence; local_file_reviewed=no until local file exists; registry_action=hold_no_registry_state_change_until_local_candidate_asset_exists; publish_ready=false; auto_approval=false; auto_publish=false; move_files=false; paid_apis=false; asset_downloads=false,"Open the team board/source URL, confirm source/rights posture, then fill only source-review fields in the athlete intake; keep identity/local-file/approval fields held until a named athlete and local candidate asset exist.",review-only; source candidate only unless local asset exists; no headshot or marker writes
A10,softball,Softball,athlete_photo,portland_cascade,operator_add_player_from_team_roster,portland_cascade_roster_source_candidate_01,source_candidate_only_local_asset_missing,data/asset_registry/softball/athlete_photo_contact_sheets/portland_cascade.md,data/asset_registry/softball/softball_athlete_photo_contact_sheet.csv,data/asset_registry/softball/softball_athlete_photo_review_intake.csv,https://theausl.com/cascade/roster,assets/leagues/softball/ausl/athletes/portland_cascade/portland_cascade_roster_source_candidate_01/headshot.png,no,no,no,source_reviewed; source_allowed_for_review_only; rights_reviewed; source_url_to_record; operator_notes; reviewed_by; reviewed_at_local,source_url_to_record; reviewed_by; reviewed_at_local,operator_decision=hold_identity; identity_verified=no until named athlete evidence; local_file_reviewed=no until local file exists; registry_action=hold_no_registry_state_change_until_local_candidate_asset_exists; publish_ready=false; auto_approval=false; auto_publish=false; move_files=false; paid_apis=false; asset_downloads=false,"Open the team board/source URL, confirm source/rights posture, then fill only source-review fields in the athlete intake; keep identity/local-file/approval fields held until a named athlete and local candidate asset exist.",review-only; source candidate only unless local asset exists; no headshot or marker writes
A11,softball,Softball,athlete_photo,portland_cascade,operator_add_player_from_team_profile_source,portland_cascade_team_profile_source_candidate_02,source_candidate_only_local_asset_missing,data/asset_registry/softball/athlete_photo_contact_sheets/portland_cascade.md,data/asset_registry/softball/softball_athlete_photo_contact_sheet.csv,data/asset_registry/softball/softball_athlete_photo_review_intake.csv,https://theausl.com/cascade/,assets/leagues/softball/ausl/athletes/portland_cascade/portland_cascade_team_profile_source_candidate_02/headshot.png,no,no,no,source_reviewed; source_allowed_for_review_only; rights_reviewed; source_url_to_record; operator_notes; reviewed_by; reviewed_at_local,source_url_to_record; reviewed_by; reviewed_at_local,operator_decision=hold_identity; identity_verified=no until named athlete evidence; local_file_reviewed=no until local file exists; registry_action=hold_no_registry_state_change_until_local_candidate_asset_exists; publish_ready=false; auto_approval=false; auto_publish=false; move_files=false; paid_apis=false; asset_downloads=false,"Open the team board/source URL, confirm source/rights posture, then fill only source-review fields in the athlete intake; keep identity/local-file/approval fields held until a named athlete and local candidate asset exist.",review-only; source candidate only unless local asset exists; no headshot or marker writes
A12,softball,Softball,athlete_photo,portland_cascade,operator_add_player_from_league_player_index,portland_cascade_league_player_index_candidate_03,source_candidate_only_local_asset_missing,data/asset_registry/softball/athlete_photo_contact_sheets/portland_cascade.md,data/asset_registry/softball/softball_athlete_photo_contact_sheet.csv,data/asset_registry/softball/softball_athlete_photo_review_intake.csv,https://theausl.com/players/,assets/leagues/softball/ausl/athletes/portland_cascade/portland_cascade_league_player_index_candidate_03/headshot.png,no,no,no,source_reviewed; source_allowed_for_review_only; rights_reviewed; source_url_to_record; operator_notes; reviewed_by; reviewed_at_local,source_url_to_record; reviewed_by; reviewed_at_local,operator_decision=hold_identity; identity_verified=no until named athlete evidence; local_file_reviewed=no until local file exists; registry_action=hold_no_registry_state_change_until_local_candidate_asset_exists; publish_ready=false; auto_approval=false; auto_publish=false; move_files=false; paid_apis=false; asset_downloads=false,"Open the team board/source URL, confirm source/rights posture, then fill only source-review fields in the athlete intake; keep identity/local-file/approval fields held until a named athlete and local candidate asset exist.",review-only; source candidate only unless local asset exists; no headshot or marker writes
A13,softball,Softball,athlete_photo,texas_volts,operator_add_player_from_team_roster,texas_volts_roster_source_candidate_01,source_candidate_only_local_asset_missing,data/asset_registry/softball/athlete_photo_contact_sheets/texas_volts.md,data/asset_registry/softball/softball_athlete_photo_contact_sheet.csv,data/asset_registry/softball/softball_athlete_photo_review_intake.csv,https://theausl.com/volts/roster,assets/leagues/softball/ausl/athletes/texas_volts/texas_volts_roster_source_candidate_01/headshot.png,no,no,no,source_reviewed; source_allowed_for_review_only; rights_reviewed; source_url_to_record; operator_notes; reviewed_by; reviewed_at_local,source_url_to_record; reviewed_by; reviewed_at_local,operator_decision=hold_identity; identity_verified=no until named athlete evidence; local_file_reviewed=no until local file exists; registry_action=hold_no_registry_state_change_until_local_candidate_asset_exists; publish_ready=false; auto_approval=false; auto_publish=false; move_files=false; paid_apis=false; asset_downloads=false,"Open the team board/source URL, confirm source/rights posture, then fill only source-review fields in the athlete intake; keep identity/local-file/approval fields held until a named athlete and local candidate asset exist.",review-only; source candidate only unless local asset exists; no headshot or marker writes
A14,softball,Softball,athlete_photo,texas_volts,operator_add_player_from_team_profile_source,texas_volts_team_profile_source_candidate_02,source_candidate_only_local_asset_missing,data/asset_registry/softball/athlete_photo_contact_sheets/texas_volts.md,data/asset_registry/softball/softball_athlete_photo_contact_sheet.csv,data/asset_registry/softball/softball_athlete_photo_review_intake.csv,https://theausl.com/volts/,assets/leagues/softball/ausl/athletes/texas_volts/texas_volts_team_profile_source_candidate_02/headshot.png,no,no,no,source_reviewed; source_allowed_for_review_only; rights_reviewed; source_url_to_record; operator_notes; reviewed_by; reviewed_at_local,source_url_to_record; reviewed_by; reviewed_at_local,operator_decision=hold_identity; identity_verified=no until named athlete evidence; local_file_reviewed=no until local file exists; registry_action=hold_no_registry_state_change_until_local_candidate_asset_exists; publish_ready=false; auto_approval=false; auto_publish=false; move_files=false; paid_apis=false; asset_downloads=false,"Open the team board/source URL, confirm source/rights posture, then fill only source-review fields in the athlete intake; keep identity/local-file/approval fields held until a named athlete and local candidate asset exist.",review-only; source candidate only unless local asset exists; no headshot or marker writes
A15,softball,Softball,athlete_photo,texas_volts,operator_add_player_from_league_player_index,texas_volts_league_player_index_candidate_03,source_candidate_only_local_asset_missing,data/asset_registry/softball/athlete_photo_contact_sheets/texas_volts.md,data/asset_registry/softball/softball_athlete_photo_contact_sheet.csv,data/asset_registry/softball/softball_athlete_photo_review_intake.csv,https://theausl.com/players/,assets/leagues/softball/ausl/athletes/texas_volts/texas_volts_league_player_index_candidate_03/headshot.png,no,no,no,source_reviewed; source_allowed_for_review_only; rights_reviewed; source_url_to_record; operator_notes; reviewed_by; reviewed_at_local,source_url_to_record; reviewed_by; reviewed_at_local,operator_decision=hold_identity; identity_verified=no until named athlete evidence; local_file_reviewed=no until local file exists; registry_action=hold_no_registry_state_change_until_local_candidate_asset_exists; publish_ready=false; auto_approval=false; auto_publish=false; move_files=false; paid_apis=false; asset_downloads=false,"Open the team board/source URL, confirm source/rights posture, then fill only source-review fields in the athlete intake; keep identity/local-file/approval fields held until a named athlete and local candidate asset exist.",review-only; source candidate only unless local asset exists; no headshot or marker writes
A16,softball,Softball,athlete_photo,utah_talons,operator_add_player_from_team_roster,utah_talons_roster_source_candidate_01,source_candidate_only_local_asset_missing,data/asset_registry/softball/athlete_photo_contact_sheets/utah_talons.md,data/asset_registry/softball/softball_athlete_photo_contact_sheet.csv,data/asset_registry/softball/softball_athlete_photo_review_intake.csv,https://theausl.com/talons/roster,assets/leagues/softball/ausl/athletes/utah_talons/utah_talons_roster_source_candidate_01/headshot.png,no,no,no,source_reviewed; source_allowed_for_review_only; rights_reviewed; source_url_to_record; operator_notes; reviewed_by; reviewed_at_local,source_url_to_record; reviewed_by; reviewed_at_local,operator_decision=hold_identity; identity_verified=no until named athlete evidence; local_file_reviewed=no until local file exists; registry_action=hold_no_registry_state_change_until_local_candidate_asset_exists; publish_ready=false; auto_approval=false; auto_publish=false; move_files=false; paid_apis=false; asset_downloads=false,"Open the team board/source URL, confirm source/rights posture, then fill only source-review fields in the athlete intake; keep identity/local-file/approval fields held until a named athlete and local candidate asset exist.",review-only; source candidate only unless local asset exists; no headshot or marker writes
A17,softball,Softball,athlete_photo,utah_talons,operator_add_player_from_team_profile_source,utah_talons_team_profile_source_candidate_02,source_candidate_only_local_asset_missing,data/asset_registry/softball/athlete_photo_contact_sheets/utah_talons.md,data/asset_registry/softball/softball_athlete_photo_contact_sheet.csv,data/asset_registry/softball/softball_athlete_photo_review_intake.csv,https://theausl.com/talons/,assets/leagues/softball/ausl/athletes/utah_talons/utah_talons_team_profile_source_candidate_02/headshot.png,no,no,no,source_reviewed; source_allowed_for_review_only; rights_reviewed; source_url_to_record; operator_notes; reviewed_by; reviewed_at_local,source_url_to_record; reviewed_by; reviewed_at_local,operator_decision=hold_identity; identity_verified=no until named athlete evidence; local_file_reviewed=no until local file exists; registry_action=hold_no_registry_state_change_until_local_candidate_asset_exists; publish_ready=false; auto_approval=false; auto_publish=false; move_files=false; paid_apis=false; asset_downloads=false,"Open the team board/source URL, confirm source/rights posture, then fill only source-review fields in the athlete intake; keep identity/local-file/approval fields held until a named athlete and local candidate asset exist.",review-only; source candidate only unless local asset exists; no headshot or marker writes
A18,softball,Softball,athlete_photo,utah_talons,operator_add_player_from_league_player_index,utah_talons_league_player_index_candidate_03,source_candidate_only_local_asset_missing,data/asset_registry/softball/athlete_photo_contact_sheets/utah_talons.md,data/asset_registry/softball/softball_athlete_photo_contact_sheet.csv,data/asset_registry/softball/softball_athlete_photo_review_intake.csv,https://theausl.com/players/,assets/leagues/softball/ausl/athletes/utah_talons/utah_talons_league_player_index_candidate_03/headshot.png,no,no,no,source_reviewed; source_allowed_for_review_only; rights_reviewed; source_url_to_record; operator_notes; reviewed_by; reviewed_at_local,source_url_to_record; reviewed_by; reviewed_at_local,operator_decision=hold_identity; identity_verified=no until named athlete evidence; local_file_reviewed=no until local file exists; registry_action=hold_no_registry_state_change_until_local_candidate_asset_exists; publish_ready=false; auto_approval=false; auto_publish=false; move_files=false; paid_apis=false; asset_downloads=false,"Open the team board/source URL, confirm source/rights posture, then fill only source-review fields in the athlete intake; keep identity/local-file/approval fields held until a named athlete and local candidate asset exist.",review-only; source candidate only unless local asset exists; no headshot or marker writes
