research_lane,operator_bucket,source_priority,league_id,league_name,team_name,player_name,issue_type,operator_action,source_url,source_domain,official_status,confidence,operator_verify_required,safe_next_action,notes,review_only,approval_state_change,candidate_state_change,asset_downloads,headshot_writes,approved_marker_writes,publish_ready,publishing,paid_apis
nwsl_correction_enrichment,p1_metadata_candidate_only,P1,nwsl,National Women's Soccer League,nwsl_all_teams,,source_url_enrichment_needed,add_source_candidates,https://www.nwslsoccer.com/teams/index,www.nwslsoccer.com,official_league,high,yes,Treat as source/profile metadata candidate only; enrich review notes after manual source check.,NWSL Teams index lists the official team-site domain for each current NWSL club.,true,false,false,false,false,false,false,false,false
nwsl_correction_enrichment,p1_metadata_candidate_only,P1,nwsl,National Women's Soccer League,nwsl_all_players,,player_profile_candidate_gap,enrich_review_metadata_only,https://www.nwslsoccer.com/teams/index,www.nwslsoccer.com,official_league,high,yes,Treat as source/profile metadata candidate only; enrich review notes after manual source check.,"Use as source/profile metadata only, not an asset-fetch instruction.",true,false,false,false,false,false,false,false,false
nwsl_correction_enrichment,p1_metadata_candidate_only,P1,nwsl,National Women's Soccer League,Chicago Stars FC,,source_domain_change_candidate,add_source_candidate,https://chicagostars.com/roster/,chicagostars.com,official_team,high,yes,Treat as source/profile metadata candidate only; enrich review notes after manual source check.,Current team branding/domain is Chicago Stars FC / chicagostars.com.,true,false,false,false,false,false,false,false,false
nwsl_correction_enrichment,p1_metadata_candidate_only,P1,nwsl,National Women's Soccer League,Seattle Reign,,source_domain_change_candidate,add_source_candidate,https://www.reignfc.com/roster,www.reignfc.com,official_team,high,yes,Treat as source/profile metadata candidate only; enrich review notes after manual source check.,Current team site uses reignfc.com.,true,false,false,false,false,false,false,false,false
nwsl_correction_enrichment,p1_metadata_candidate_only,P1,nwsl,National Women's Soccer League,Houston Dash,,source_domain_change_candidate,add_source_candidate,https://www.houstondynamofc.com/houstondash/roster/,www.houstondynamofc.com,official_team,high,yes,Treat as source/profile metadata candidate only; enrich review notes after manual source check.,Houston Dash official roster lives under the Houston Dynamo FC domain.,true,false,false,false,false,false,false,false,false
nwsl_correction_enrichment,p1_metadata_candidate_only,P1,nwsl,National Women's Soccer League,Utah Royals FC,,source_domain_change_candidate,add_source_candidate,https://www.rsl.com/utahroyals/roster/,www.rsl.com,official_team,high,yes,Treat as source/profile metadata candidate only; enrich review notes after manual source check.,Utah Royals official roster lives under the RSL domain.,true,false,false,false,false,false,false,false,false
nwsl_correction_enrichment,p0_nwsl_operator_verify_first,P0,nwsl,National Women's Soccer League,Kansas City Current,Ally Sentnor,stale_team_assignment_duplicate_identity,reconcile_duplicate_identity,https://angelcity.com/acfc-post/acfc-signs-uswnt-midfielder-ally-sentnor-trade-with-kansas-city-current,angelcity.com,official_team,high,yes,Review official roster/transaction metadata manually before any later human-edited candidate-state change.,Official Angel City transaction says Sentnor joined ACFC from Kansas City in June 2026.,true,false,false,false,false,false,false,false,false
nwsl_correction_enrichment,p0_nwsl_operator_verify_first,P0,nwsl,National Women's Soccer League,Angel City FC,Kennedy Fuller,stale_team_assignment_duplicate_identity,reconcile_duplicate_identity,https://bayfc.com/press-releases/bay-fc-acquire-midfielder-kennedy-fuller-from-angel-city-fc-20260612/,bayfc.com,official_team,high,yes,Review official roster/transaction metadata manually before any later human-edited candidate-state change.,Official Bay FC transaction says Fuller was acquired from Angel City.,true,false,false,false,false,false,false,false,false
nwsl_correction_enrichment,p0_nwsl_operator_verify_first,P0,nwsl,National Women's Soccer League,Gotham FC,Lilly Reale,stale_team_assignment_duplicate_identity,reconcile_duplicate_identity,https://www.gothamfc.com/news/gotham-fc-trades-defender-lilly-reale-to-boston-legacy-fc,www.gothamfc.com,official_team,high,yes,Review official roster/transaction metadata manually before any later human-edited candidate-state change.,Official Gotham transaction says Reale was traded to Boston Legacy.,true,false,false,false,false,false,false,false,false
nwsl_correction_enrichment,p0_nwsl_operator_verify_first,P0,nwsl,National Women's Soccer League,Boston Legacy FC / Chicago Stars FC,Sam Cary Angel,loan_duplicate_needs_status_metadata,add_loan_status_metadata,https://bostonlegacyfc.com/blogs/press/boston-legacy-fc-samantha-angel-loan-chicago-stars,bostonlegacyfc.com,official_team,high,yes,Review official roster/transaction metadata manually before any later human-edited candidate-state change.,"This looks like a valid loan duplicate, not a simple identity error.",true,false,false,false,false,false,false,false,false
nwsl_correction_enrichment,p0_nwsl_operator_verify_first,P0,nwsl,National Women's Soccer League,Houston Dash,Yazmeen Ryan,stale_team_assignment_duplicate_identity,reconcile_duplicate_identity,https://www.denversummitfc.com/news/player-signings/denver-summit-fc-acquires-yazmeen-ryan-delanie-sheehan-from-houston-dash/,www.denversummitfc.com,official_team,high,yes,Review official roster/transaction metadata manually before any later human-edited candidate-state change.,Official Denver transaction says Ryan was acquired from Houston.,true,false,false,false,false,false,false,false,false
nwsl_correction_enrichment,p0_nwsl_operator_verify_first,P0,nwsl,National Women's Soccer League,Houston Dash,Delanie Sheehan,stale_team_assignment_duplicate_identity,reconcile_duplicate_identity,https://www.denversummitfc.com/news/player-signings/denver-summit-fc-acquires-yazmeen-ryan-delanie-sheehan-from-houston-dash/,www.denversummitfc.com,official_team,high,yes,Review official roster/transaction metadata manually before any later human-edited candidate-state change.,Official Denver transaction says Sheehan was acquired from Houston.,true,false,false,false,false,false,false,false,false
nwsl_correction_enrichment,p0_nwsl_operator_verify_first,P0,nwsl,National Women's Soccer League,Portland Thorns FC / Utah Royals FC,Alexa Spaanstra,loan_duplicate_needs_status_metadata,add_loan_status_metadata,https://www.thorns.com/news/forward-alexa-spaanstra-loaned-to-utah-royals-fc,www.thorns.com,official_team,high,yes,Review official roster/transaction metadata manually before any later human-edited candidate-state change.,"This looks like a valid loan duplicate, not a simple identity error.",true,false,false,false,false,false,false,false,false
nwsl_correction_enrichment,p0_nwsl_operator_verify_first,P0,nwsl,National Women's Soccer League,Angel City FC,Maithé López,missing_player_profile_candidate,add_candidate_metadata,https://angelcity.com/acfc-post/angel-city-football-club-loans-forward-maithe-lopez-to-vancouver-rise-fc,angelcity.com,official_team,high,yes,Review official roster/transaction metadata manually before any later human-edited candidate-state change.,Angel City official roster also lists Maithé López as on loan.,true,false,false,false,false,false,false,false,false
nwsl_correction_enrichment,p0_nwsl_operator_verify_first,P0,nwsl,National Women's Soccer League,Angel City FC,Rajanah Reed,expired_replacement_player_candidate,hold_candidate_for_review,https://angelcity.com/acfc-post/angel-city-signs-forward-rajanah-reed,angelcity.com,official_team,high,yes,Review official roster/transaction metadata manually before any later human-edited candidate-state change.,"Do not delete automatically, but do not treat as current active roster without recheck.",true,false,false,false,false,false,false,false,false
nwsl_correction_enrichment,p1_metadata_candidate_only,P1,nwsl,National Women's Soccer League,Angel City FC,Ariadina Alves Borges; Maiara Carolina Niehues,public_display_alias_review,add_alias_metadata,https://angelcity.com/club/roster,angelcity.com,official_team,high,yes,Treat as source/profile metadata candidate only; enrich review notes after manual source check.,Official public roster uses shorter public display names.,true,false,false,false,false,false,false,false,false
nwsl_correction_enrichment,p0_nwsl_operator_verify_first,P0,nwsl,National Women's Soccer League,Denver Summit FC,Lindsey Heaps,missing_player_profile_candidate,add_candidate_metadata,https://www.denversummitfc.com/roster/,www.denversummitfc.com,official_team,high,yes,Review official roster/transaction metadata manually before any later human-edited candidate-state change.,Official Denver roster lists Lindsey Heaps.,true,false,false,false,false,false,false,false,false
nwsl_correction_enrichment,p0_nwsl_operator_verify_first,P0,nwsl,National Women's Soccer League,Denver Summit FC,Jordan Baggett,stale_player_candidate,hold_candidate_for_review,https://www.denversummitfc.com/roster/,www.denversummitfc.com,official_team,medium,yes,Review official roster/transaction metadata manually before any later human-edited candidate-state change.,"Could be stale, alias-related, or data-source lag; verify before carrying forward.",true,false,false,false,false,false,false,false,false
nwsl_correction_enrichment,p0_nwsl_operator_verify_first,P0,nwsl,National Women's Soccer League,Houston Dash,Natalie Bain,missing_player_profile_candidate,add_candidate_metadata,https://www.houstondynamofc.com/houstondash/roster/,www.houstondynamofc.com,official_team,high,yes,Review official roster/transaction metadata manually before any later human-edited candidate-state change.,Official Houston roster lists Natalie Bain.,true,false,false,false,false,false,false,false,false
nwsl_correction_enrichment,p0_nwsl_operator_verify_first,P0,nwsl,National Women's Soccer League,Houston Dash,Christen Westphal,stale_player_candidate,hold_candidate_for_review,https://www.houstondynamofc.com/houstondash/news/houston-dash-host-north-carolina-courage-for-kids-night,www.houstondynamofc.com,official_team,high,yes,Review official roster/transaction metadata manually before any later human-edited candidate-state change.,Official Houston match-preview/news page states Dash and Westphal mutually terminated the contract.,true,false,false,false,false,false,false,false,false
nwsl_correction_enrichment,p1_metadata_candidate_only,P1,nwsl,National Women's Soccer League,Houston Dash,Liz Beardsley,missing_player_profile_candidate,add_candidate_metadata,https://www.houstondynamofc.com/houstondash/roster/,www.houstondynamofc.com,official_team,high,yes,Treat as source/profile metadata candidate only; enrich review notes after manual source check.,Official Houston roster lists Liz Beardsley as ON LOAN.,true,false,false,false,false,false,false,false,false
nwsl_correction_enrichment,p1_metadata_candidate_only,P1,nwsl,National Women's Soccer League,Houston Dash,Zoe Matthews,missing_player_profile_candidate,add_candidate_metadata,https://www.houstondynamofc.com/houstondash/roster/,www.houstondynamofc.com,official_team,high,yes,Treat as source/profile metadata candidate only; enrich review notes after manual source check.,Official Houston roster lists Zoe Matthews as ON LOAN.,true,false,false,false,false,false,false,false,false
nwsl_correction_enrichment,p1_metadata_candidate_only,P1,nwsl,National Women's Soccer League,Houston Dash,Amanda West,missing_player_profile_candidate,add_candidate_metadata,https://www.houstondynamofc.com/houstondash/roster/,www.houstondynamofc.com,official_team,high,yes,Treat as source/profile metadata candidate only; enrich review notes after manual source check.,Official Houston roster lists Amanda West as ON LOAN.,true,false,false,false,false,false,false,false,false
nwsl_correction_enrichment,p1_metadata_candidate_only,P1,nwsl,National Women's Soccer League,Houston Dash,Rebeca Costa da Silva,loan_status_missing,add_loan_status_metadata,https://www.houstondynamofc.com/houstondash/roster/,www.houstondynamofc.com,official_team,high,yes,Treat as source/profile metadata candidate only; enrich review notes after manual source check.,Official Houston roster displays Rebeca as ON LOAN.,true,false,false,false,false,false,false,false,false
nwsl_correction_enrichment,p1_metadata_candidate_only,P1,nwsl,National Women's Soccer League,Houston Dash,Jyllissa Harris,loan_status_missing,add_loan_status_metadata,https://www.houstondynamofc.com/houstondash/roster/,www.houstondynamofc.com,official_team,high,yes,Treat as source/profile metadata candidate only; enrich review notes after manual source check.,Official Houston roster displays Jyllissa Harris as ON LOAN.,true,false,false,false,false,false,false,false,false
nwsl_correction_enrichment,p1_metadata_candidate_only,P1,nwsl,National Women's Soccer League,Gotham FC,Princess Ademiluyi,missing_player_profile_candidate,add_candidate_metadata,https://www.gothamfc.com/roster,www.gothamfc.com,official_team,high,yes,Treat as source/profile metadata candidate only; enrich review notes after manual source check.,Official Gotham roster lists Princess Ademiluyi in the On Loan section.,true,false,false,false,false,false,false,false,false
nwsl_correction_enrichment,p1_metadata_candidate_only,P1,nwsl,National Women's Soccer League,Gotham FC,Bruna Santos Nhaia,public_display_alias_review,add_alias_metadata,https://www.gothamfc.com/roster,www.gothamfc.com,official_team,high,yes,Treat as source/profile metadata candidate only; enrich review notes after manual source check.,Official Gotham roster displays Bruninha.,true,false,false,false,false,false,false,false,false
nwsl_correction_enrichment,p1_metadata_candidate_only,P1,nwsl,National Women's Soccer League,Kansas City Current,Kaylin Williams-Mosier,missing_player_profile_candidate,add_candidate_metadata,https://www.kansascitycurrent.com/team/kaylin-williams-mosier,www.kansascitycurrent.com,official_team,high,yes,Treat as source/profile metadata candidate only; enrich review notes after manual source check.,Official KC profile says Williams-Mosier joined in June 2026 on a short-term contract.,true,false,false,false,false,false,false,false,false
nwsl_correction_enrichment,p1_metadata_candidate_only,P1,nwsl,National Women's Soccer League,Kansas City Current,Débora Cristiane de Oliveira,public_display_alias_review,add_alias_metadata,https://www.kansascitycurrent.com/team,www.kansascitycurrent.com,official_team,high,yes,Treat as source/profile metadata candidate only; enrich review notes after manual source check.,Official KC team page uses Debinha.,true,false,false,false,false,false,false,false,false
nwsl_correction_enrichment,p1_metadata_candidate_only,P1,nwsl,National Women's Soccer League,Kansas City Current,Katie Cappelletti; Kyra Carusa; Kelsey Branson; Flora Marta Lacho,stale_or_short_term_candidate,hold_candidate_for_review,https://www.kansascitycurrent.com/team; https://www.kansascitycurrent.com/news/kansas-city-current-announces-roster-ahead-of-2026-regular-s,www.kansascitycurrent.com,official_team,medium,yes,Treat as source/profile metadata candidate only; enrich review notes after manual source check.,KC March roster noted short-term/loan timing for some players; current-team page should be preferred for active display.,true,false,false,false,false,false,false,false,false
nwsl_correction_enrichment,p0_nwsl_operator_verify_first,P0,nwsl,National Women's Soccer League,San Diego Wave FC,Sandra Paños,missing_player_profile_candidate,add_candidate_metadata,https://sandiegowavefc.com/roster/,sandiegowavefc.com,official_team,high,yes,Review official roster/transaction metadata manually before any later human-edited candidate-state change.,Official San Diego roster lists Sandra Paños.,true,false,false,false,false,false,false,false,false
nwsl_correction_enrichment,p1_metadata_candidate_only,P1,nwsl,National Women's Soccer League,San Diego Wave FC,Amelia Donna Van Zanten; Gabrielle Jordão Portilho; Ludmila da Silva; Maria Eduarda Rodrigues Silva,public_display_alias_review,add_alias_metadata,https://sandiegowavefc.com/roster/,sandiegowavefc.com,official_team,high,yes,Treat as source/profile metadata candidate only; enrich review notes after manual source check.,Official San Diego roster uses public display names.,true,false,false,false,false,false,false,false,false
nwsl_correction_enrichment,p1_metadata_candidate_only,P1,nwsl,National Women's Soccer League,Washington Spirit,Heather Stainbrook,missing_player_profile_candidate,add_candidate_metadata,https://washingtonspirit.com/roster/,washingtonspirit.com,official_team,high,yes,Treat as source/profile metadata candidate only; enrich review notes after manual source check.,Official Washington roster lists Heather Stainbrook as On Loan.,true,false,false,false,false,false,false,false,false
nwsl_correction_enrichment,p1_metadata_candidate_only,P1,nwsl,National Women's Soccer League,Washington Spirit,Tamara Paranaguá do Carmo,public_display_alias_review,add_alias_metadata,https://washingtonspirit.com/roster/,washingtonspirit.com,official_team,high,yes,Treat as source/profile metadata candidate only; enrich review notes after manual source check.,Official Washington roster displays Tamara Bolt.,true,false,false,false,false,false,false,false,false
nwsl_correction_enrichment,p1_metadata_candidate_only,P1,nwsl,National Women's Soccer League,Orlando Pride,Angelina Alonso Costantino; Luana Bertolucci Paixão; Marta Marta; Rafaelle Leone Carvalho Souza; Jacqueline Ovalle; Oihane Hernández,public_display_alias_review,add_alias_metadata,https://www.orlandocitysc.com/pride/roster/,www.orlandocitysc.com,official_team,high,yes,Treat as source/profile metadata candidate only; enrich review notes after manual source check.,Official Orlando roster uses shorter public display names.,true,false,false,false,false,false,false,false,false
nwsl_correction_enrichment,p1_metadata_candidate_only,P1,nwsl,National Women's Soccer League,Orlando Pride,Kat Asman,loan_status_missing,add_loan_status_metadata,https://www.orlandocitysc.com/pride/roster/,www.orlandocitysc.com,official_team,high,yes,Treat as source/profile metadata candidate only; enrich review notes after manual source check.,Official Orlando roster lists Kat Asman under Loaned Out.,true,false,false,false,false,false,false,false,false
nwsl_correction_enrichment,p3_gray_area_manual_verification_only,P3,nwsl,National Women's Soccer League,Gotham FC,Sam Kerr,gray_area_public_backup_candidate,park_gray_area_lead_for_manual_verification,https://www.reuters.com/sports/soccer/reports-gotham-fc-set-reunion-with-f-sam-kerr--flm-2026-06-17/,www.reuters.com,non_official_reputable_media,low,yes,Park as gray-area lead; do not treat as official roster confirmation without official NWSL/team source.,"Useful public lead because official roster may lag reports, but official roster did not confirm at check time.",true,false,false,false,false,false,false,false,false
europe_official_source_map,europe_official_no_verify_metadata_candidate,P0_OFFICIAL_LEAGUE_TEAM,wsl_england,Women's Super League,Arsenal Women,,official_source_map,source_metadata_review_only,https://www.wslfootball.com/clubs/arsenal/squad,wslfootball.com,official_league,high,no,Use as official source-map candidate for future manual player research; no asset action.,Official WSL clubs index listed this team; WSL player index showed active player database. Verify during summer transfer window.,true,false,false,false,false,false,false,false,false
europe_official_source_map,europe_official_no_verify_metadata_candidate,P0_OFFICIAL_LEAGUE_TEAM,wsl_england,Women's Super League,Aston Villa Women,,official_source_map,source_metadata_review_only,https://www.wslfootball.com/clubs/aston-villa/squad,wslfootball.com,official_league,high,no,Use as official source-map candidate for future manual player research; no asset action.,Official WSL clubs index listed this team; WSL player index showed active player database. Verify during summer transfer window.,true,false,false,false,false,false,false,false,false
europe_official_source_map,europe_official_no_verify_metadata_candidate,P0_OFFICIAL_LEAGUE_TEAM,wsl_england,Women's Super League,Brighton & Hove Albion Women,,official_source_map,source_metadata_review_only,https://www.wslfootball.com/clubs/brighton-hove-albion/squad,wslfootball.com,official_league,high,no,Use as official source-map candidate for future manual player research; no asset action.,Official WSL clubs index listed this team; WSL player index showed active player database. Verify during summer transfer window.,true,false,false,false,false,false,false,false,false
europe_official_source_map,europe_official_no_verify_metadata_candidate,P0_OFFICIAL_LEAGUE_TEAM,wsl_england,Women's Super League,Chelsea Women,,official_source_map,source_metadata_review_only,https://www.wslfootball.com/clubs/chelsea/squad,wslfootball.com,official_league,high,no,Use as official source-map candidate for future manual player research; no asset action.,Official WSL clubs index listed this team; WSL player index showed active player database. Verify during summer transfer window.,true,false,false,false,false,false,false,false,false
europe_official_source_map,europe_official_no_verify_metadata_candidate,P0_OFFICIAL_LEAGUE_TEAM,wsl_england,Women's Super League,Everton Women,,official_source_map,source_metadata_review_only,https://www.wslfootball.com/clubs/everton/squad,wslfootball.com,official_league,high,no,Use as official source-map candidate for future manual player research; no asset action.,Official WSL clubs index listed this team; WSL player index showed active player database. Verify during summer transfer window.,true,false,false,false,false,false,false,false,false
europe_official_source_map,europe_official_no_verify_metadata_candidate,P0_OFFICIAL_LEAGUE_TEAM,wsl_england,Women's Super League,Leicester City Women,,official_source_map,source_metadata_review_only,https://www.wslfootball.com/clubs/leicester-city/squad,wslfootball.com,official_league,high,no,Use as official source-map candidate for future manual player research; no asset action.,Official WSL clubs index listed this team; WSL player index showed active player database. Verify during summer transfer window.,true,false,false,false,false,false,false,false,false
europe_official_source_map,europe_official_no_verify_metadata_candidate,P0_OFFICIAL_LEAGUE_TEAM,wsl_england,Women's Super League,Liverpool Women,,official_source_map,source_metadata_review_only,https://www.wslfootball.com/clubs/liverpool/squad,wslfootball.com,official_league,high,no,Use as official source-map candidate for future manual player research; no asset action.,Official WSL clubs index listed this team; WSL player index showed active player database. Verify during summer transfer window.,true,false,false,false,false,false,false,false,false
europe_official_source_map,europe_official_no_verify_metadata_candidate,P0_OFFICIAL_LEAGUE_TEAM,wsl_england,Women's Super League,London City Lionesses,,official_source_map,source_metadata_review_only,https://www.wslfootball.com/clubs/london-city-lionesses/squad,wslfootball.com,official_league,high,no,Use as official source-map candidate for future manual player research; no asset action.,Official WSL clubs index listed this team; WSL player index showed active player database. Verify during summer transfer window.,true,false,false,false,false,false,false,false,false
europe_official_source_map,europe_official_no_verify_metadata_candidate,P0_OFFICIAL_LEAGUE_TEAM,wsl_england,Women's Super League,Manchester City Women,,official_source_map,source_metadata_review_only,https://www.wslfootball.com/clubs/manchester-city/squad,wslfootball.com,official_league,high,no,Use as official source-map candidate for future manual player research; no asset action.,Official WSL clubs index listed this team; WSL player index showed active player database. Verify during summer transfer window.,true,false,false,false,false,false,false,false,false
europe_official_source_map,europe_official_no_verify_metadata_candidate,P0_OFFICIAL_LEAGUE_TEAM,wsl_england,Women's Super League,Manchester United Women,,official_source_map,source_metadata_review_only,https://www.wslfootball.com/clubs/manchester-united/squad,wslfootball.com,official_league,high,no,Use as official source-map candidate for future manual player research; no asset action.,Official WSL clubs index listed this team; WSL player index showed active player database. Verify during summer transfer window.,true,false,false,false,false,false,false,false,false
europe_official_source_map,europe_official_no_verify_metadata_candidate,P0_OFFICIAL_LEAGUE_TEAM,wsl_england,Women's Super League,Tottenham Hotspur Women,,official_source_map,source_metadata_review_only,https://www.wslfootball.com/clubs/tottenham-hotspur/squad,wslfootball.com,official_league,high,no,Use as official source-map candidate for future manual player research; no asset action.,Official WSL clubs index listed this team; WSL player index showed active player database. Verify during summer transfer window.,true,false,false,false,false,false,false,false,false
europe_official_source_map,europe_official_no_verify_metadata_candidate,P0_OFFICIAL_LEAGUE_TEAM,wsl_england,Women's Super League,West Ham United Women,,official_source_map,source_metadata_review_only,https://www.wslfootball.com/clubs/west-ham-united/squad,wslfootball.com,official_league,high,no,Use as official source-map candidate for future manual player research; no asset action.,Official WSL clubs index listed this team; WSL player index showed active player database. Verify during summer transfer window.,true,false,false,false,false,false,false,false,false
europe_official_source_map,europe_official_no_verify_metadata_candidate,P0_OFFICIAL_LEAGUE_ROSTER,liga_f_spain,Liga F,Alhama CF ElPozo,,official_source_map,source_metadata_review_only,https://ligaf.es/equipo/alhama-cf-femenino/20478/plantilla/2026,ligaf.es,official_league,high,no,Use as official source-map candidate for future manual player research; no asset action.,Official Liga F 2025/26 roster page; verify after transfer-window changes.,true,false,false,false,false,false,false,false,false
europe_official_source_map,europe_official_no_verify_metadata_candidate,P0_OFFICIAL_LEAGUE_ROSTER,liga_f_spain,Liga F,Athletic Club,,official_source_map,source_metadata_review_only,https://ligaf.es/equipo/athletic-club-femenino/8845/plantilla/2026,ligaf.es,official_league,high,no,Use as official source-map candidate for future manual player research; no asset action.,Official Liga F 2025/26 roster page; verify after transfer-window changes.,true,false,false,false,false,false,false,false,false
europe_official_source_map,europe_official_no_verify_metadata_candidate,P0_OFFICIAL_LEAGUE_ROSTER,liga_f_spain,Liga F,Atlético de Madrid,,official_source_map,source_metadata_review_only,https://ligaf.es/equipo/club-atletico-de-madrid-femenino/12279/plantilla/2026,ligaf.es,official_league,high,no,Use as official source-map candidate for future manual player research; no asset action.,Official Liga F 2025/26 roster page; verify after transfer-window changes.,true,false,false,false,false,false,false,false,false
europe_official_source_map,europe_official_no_verify_metadata_candidate,P0_OFFICIAL_LEAGUE_ROSTER,liga_f_spain,Liga F,Costa Adeje Tenerife,,official_source_map,source_metadata_review_only,https://ligaf.es/equipo/ud-granadilla-tenerife-sur-femenino/12369/plantilla/2026,ligaf.es,official_league,high,no,Use as official source-map candidate for future manual player research; no asset action.,Official Liga F 2025/26 roster page; verify after transfer-window changes.,true,false,false,false,false,false,false,false,false
europe_official_source_map,europe_official_no_verify_metadata_candidate,P0_OFFICIAL_LEAGUE_ROSTER,liga_f_spain,Liga F,Deportivo Abanca,,official_source_map,source_metadata_review_only,https://ligaf.es/equipo/deportivo-femenino/8870/plantilla/2026,ligaf.es,official_league,high,no,Use as official source-map candidate for future manual player research; no asset action.,Official Liga F 2025/26 roster page; verify after transfer-window changes.,true,false,false,false,false,false,false,false,false
europe_official_source_map,europe_official_no_verify_metadata_candidate,P0_OFFICIAL_LEAGUE_ROSTER,liga_f_spain,Liga F,DUX Logroño,,official_source_map,source_metadata_review_only,https://ligaf.es/equipo/edf-logrono-femenina/51737/plantilla/2026,ligaf.es,official_league,high,no,Use as official source-map candidate for future manual player research; no asset action.,Official Liga F 2025/26 roster page; verify after transfer-window changes.,true,false,false,false,false,false,false,false,false
europe_official_source_map,europe_official_no_verify_metadata_candidate,P0_OFFICIAL_LEAGUE_ROSTER,liga_f_spain,Liga F,FC Badalona Women,,official_source_map,source_metadata_review_only,https://ligaf.es/equipo/levante-las-planas-femenino/20435/plantilla/2026,ligaf.es,official_league,high,no,Use as official source-map candidate for future manual player research; no asset action.,Official Liga F 2025/26 roster page; verify after transfer-window changes.,true,false,false,false,false,false,false,false,false
europe_official_source_map,europe_official_no_verify_metadata_candidate,P0_OFFICIAL_LEAGUE_ROSTER,liga_f_spain,Liga F,FC Barcelona,,official_source_map,source_metadata_review_only,https://ligaf.es/equipo/fc-barcelona-femenino/8852/plantilla/2026,ligaf.es,official_league,high,no,Use as official source-map candidate for future manual player research; no asset action.,Official Liga F 2025/26 roster page; verify after transfer-window changes.,true,false,false,false,false,false,false,false,false
europe_official_source_map,europe_official_no_verify_metadata_candidate,P0_OFFICIAL_LEAGUE_ROSTER,liga_f_spain,Liga F,Granada CF,,official_source_map,source_metadata_review_only,https://ligaf.es/equipo/granada-cf-femenino/8909/plantilla/2026,ligaf.es,official_league,high,no,Use as official source-map candidate for future manual player research; no asset action.,Official Liga F 2025/26 roster page; verify after transfer-window changes.,true,false,false,false,false,false,false,false,false
europe_official_source_map,europe_official_no_verify_metadata_candidate,P0_OFFICIAL_LEAGUE_ROSTER,liga_f_spain,Liga F,Levante UD,,official_source_map,source_metadata_review_only,https://ligaf.es/equipo/levante-ud-femenino/8859/plantilla/2026,ligaf.es,official_league,high,no,Use as official source-map candidate for future manual player research; no asset action.,Official Liga F 2025/26 roster page; verify after transfer-window changes.,true,false,false,false,false,false,false,false,false
europe_official_source_map,europe_official_no_verify_metadata_candidate,P0_OFFICIAL_LEAGUE_ROSTER,liga_f_spain,Liga F,Madrid CFF,,official_source_map,source_metadata_review_only,https://ligaf.es/equipo/madrid-cf-femenino/12358/plantilla/2026,ligaf.es,official_league,high,no,Use as official source-map candidate for future manual player research; no asset action.,Official Liga F 2025/26 roster page; verify after transfer-window changes.,true,false,false,false,false,false,false,false,false
europe_official_source_map,europe_official_no_verify_metadata_candidate,P0_OFFICIAL_LEAGUE_ROSTER,liga_f_spain,Liga F,RCD Espanyol de Barcelona,,official_source_map,source_metadata_review_only,https://ligaf.es/equipo/rcd-espanyol-femenino/8847/plantilla/2026,ligaf.es,official_league,high,no,Use as official source-map candidate for future manual player research; no asset action.,Official Liga F 2025/26 roster page; verify after transfer-window changes.,true,false,false,false,false,false,false,false,false
europe_official_source_map,europe_official_no_verify_metadata_candidate,P0_OFFICIAL_LEAGUE_ROSTER,liga_f_spain,Liga F,Real Madrid CF,,official_source_map,source_metadata_review_only,https://ligaf.es/equipo/real-madrid-femenino/12364/plantilla/2026,ligaf.es,official_league,high,no,Use as official source-map candidate for future manual player research; no asset action.,Official Liga F 2025/26 roster page; verify after transfer-window changes.,true,false,false,false,false,false,false,false,false
europe_official_source_map,europe_official_no_verify_metadata_candidate,P0_OFFICIAL_LEAGUE_ROSTER,liga_f_spain,Liga F,Real Sociedad,,official_source_map,source_metadata_review_only,https://ligaf.es/equipo/real-sociedad-futbol-femenino/8843/plantilla/2026,ligaf.es,official_league,high,no,Use as official source-map candidate for future manual player research; no asset action.,Official Liga F 2025/26 roster page; verify after transfer-window changes.,true,false,false,false,false,false,false,false,false
europe_official_source_map,europe_official_no_verify_metadata_candidate,P0_OFFICIAL_LEAGUE_ROSTER,liga_f_spain,Liga F,SD Eibar,,official_source_map,source_metadata_review_only,https://ligaf.es/equipo/eibar-femenino/66085/plantilla/2026,ligaf.es,official_league,high,no,Use as official source-map candidate for future manual player research; no asset action.,Official Liga F 2025/26 roster page; verify after transfer-window changes.,true,false,false,false,false,false,false,false,false
europe_official_source_map,europe_official_no_verify_metadata_candidate,P0_OFFICIAL_LEAGUE_ROSTER,liga_f_spain,Liga F,Sevilla FC,,official_source_map,source_metadata_review_only,https://ligaf.es/equipo/sevilla-fc-femenino-esp/12280/plantilla/2026,ligaf.es,official_league,high,no,Use as official source-map candidate for future manual player research; no asset action.,Official Liga F 2025/26 roster page; verify after transfer-window changes.,true,false,false,false,false,false,false,false,false
europe_official_source_map,europe_official_no_verify_metadata_candidate,P0_OFFICIAL_FEDERATION_ROSTER,frauen_bundesliga_germany,Frauen-Bundesliga,1. FC Köln Women,,official_source_map,source_metadata_review_only,https://datencenter.dfb.de/competitions/google-pixel-frauen-bundesliga/seasons/google-pixel-frauen-bundesliga-2025-2026/teams/1-fc-koeln-39074,datencenter.dfb.de,official_federation,high,no,Use as official source-map candidate for future manual player research; no asset action.,DFB Datencenter 2025/26 team roster page; verify before player-level intake because season rollover is near.,true,false,false,false,false,false,false,false,false
europe_official_source_map,europe_official_no_verify_metadata_candidate,P0_OFFICIAL_FEDERATION_ROSTER,frauen_bundesliga_germany,Frauen-Bundesliga,1. FC Nürnberg Women,,official_source_map,source_metadata_review_only,https://datencenter.dfb.de/competitions/google-pixel-frauen-bundesliga/seasons/google-pixel-frauen-bundesliga-2025-2026/teams/1-fc-nuernberg-29267,datencenter.dfb.de,official_federation,high,no,Use as official source-map candidate for future manual player research; no asset action.,DFB Datencenter 2025/26 team roster page; verify before player-level intake because season rollover is near.,true,false,false,false,false,false,false,false,false
europe_official_source_map,europe_official_no_verify_metadata_candidate,P0_OFFICIAL_FEDERATION_ROSTER,frauen_bundesliga_germany,Frauen-Bundesliga,Bayer 04 Leverkusen Women,,official_source_map,source_metadata_review_only,https://datencenter.dfb.de/competitions/google-pixel-frauen-bundesliga/seasons/google-pixel-frauen-bundesliga-2025-2026/teams/bayer-04-leverkusen-21515,datencenter.dfb.de,official_federation,high,no,Use as official source-map candidate for future manual player research; no asset action.,DFB Datencenter 2025/26 team roster page; verify before player-level intake because season rollover is near.,true,false,false,false,false,false,false,false,false
europe_official_source_map,europe_official_no_verify_metadata_candidate,P0_OFFICIAL_FEDERATION_ROSTER,frauen_bundesliga_germany,Frauen-Bundesliga,Eintracht Frankfurt Women,,official_source_map,source_metadata_review_only,https://datencenter.dfb.de/competitions/google-pixel-frauen-bundesliga/seasons/google-pixel-frauen-bundesliga-2025-2026/teams/eintracht-frankfurt-31426,datencenter.dfb.de,official_federation,high,no,Use as official source-map candidate for future manual player research; no asset action.,DFB Datencenter 2025/26 team roster page; verify before player-level intake because season rollover is near.,true,false,false,false,false,false,false,false,false
europe_official_source_map,europe_official_no_verify_metadata_candidate,P0_OFFICIAL_FEDERATION_ROSTER,frauen_bundesliga_germany,Frauen-Bundesliga,FC Bayern Munich Women,,official_source_map,source_metadata_review_only,https://datencenter.dfb.de/competitions/google-pixel-frauen-bundesliga/seasons/google-pixel-frauen-bundesliga-2025-2026/teams/bayern-muenchen-208,datencenter.dfb.de,official_federation,high,no,Use as official source-map candidate for future manual player research; no asset action.,DFB Datencenter 2025/26 team roster page; verify before player-level intake because season rollover is near.,true,false,false,false,false,false,false,false,false
europe_official_source_map,europe_official_no_verify_metadata_candidate,P0_OFFICIAL_FEDERATION_ROSTER,frauen_bundesliga_germany,Frauen-Bundesliga,FC Carl Zeiss Jena Women,,official_source_map,source_metadata_review_only,https://datencenter.dfb.de/competitions/google-pixel-frauen-bundesliga/seasons/google-pixel-frauen-bundesliga-2025-2026/teams/fc-carl-zeiss-jena-2237862,datencenter.dfb.de,official_federation,high,no,Use as official source-map candidate for future manual player research; no asset action.,DFB Datencenter 2025/26 team roster page; verify before player-level intake because season rollover is near.,true,false,false,false,false,false,false,false,false
europe_official_source_map,europe_official_no_verify_metadata_candidate,P0_OFFICIAL_FEDERATION_ROSTER,frauen_bundesliga_germany,Frauen-Bundesliga,RB Leipzig Women,,official_source_map,source_metadata_review_only,https://datencenter.dfb.de/competitions/google-pixel-frauen-bundesliga/seasons/google-pixel-frauen-bundesliga-2025-2026/teams/rb-leipzig-2237175,datencenter.dfb.de,official_federation,high,no,Use as official source-map candidate for future manual player research; no asset action.,DFB Datencenter 2025/26 team roster page; verify before player-level intake because season rollover is near.,true,false,false,false,false,false,false,false,false
europe_official_source_map,europe_official_no_verify_metadata_candidate,P0_OFFICIAL_FEDERATION_ROSTER,frauen_bundesliga_germany,Frauen-Bundesliga,SGS Essen,,official_source_map,source_metadata_review_only,https://datencenter.dfb.de/competitions/google-pixel-frauen-bundesliga/seasons/google-pixel-frauen-bundesliga-2025-2026/teams/sgs-essen,datencenter.dfb.de,official_federation,high,no,Use as official source-map candidate for future manual player research; no asset action.,DFB Datencenter 2025/26 team roster page; verify before player-level intake because season rollover is near.,true,false,false,false,false,false,false,false,false
europe_official_source_map,europe_official_no_verify_metadata_candidate,P0_OFFICIAL_FEDERATION_ROSTER,frauen_bundesliga_germany,Frauen-Bundesliga,SV Werder Bremen Women,,official_source_map,source_metadata_review_only,https://datencenter.dfb.de/competitions/google-pixel-frauen-bundesliga/seasons/google-pixel-frauen-bundesliga-2025-2026/teams/sv-werder-bremen-29374,datencenter.dfb.de,official_federation,high,no,Use as official source-map candidate for future manual player research; no asset action.,DFB Datencenter 2025/26 team roster page; verify before player-level intake because season rollover is near.,true,false,false,false,false,false,false,false,false
europe_official_source_map,europe_official_no_verify_metadata_candidate,P0_OFFICIAL_FEDERATION_ROSTER,frauen_bundesliga_germany,Frauen-Bundesliga,Union Berlin Women,,official_source_map,source_metadata_review_only,https://datencenter.dfb.de/competitions/google-pixel-frauen-bundesliga/seasons/google-pixel-frauen-bundesliga-2025-2026/teams/1-fc-union-berlin-29398,datencenter.dfb.de,official_federation,high,no,Use as official source-map candidate for future manual player research; no asset action.,DFB Datencenter 2025/26 team roster page; verify before player-level intake because season rollover is near.,true,false,false,false,false,false,false,false,false
europe_official_source_map,europe_official_no_verify_metadata_candidate,P0_OFFICIAL_FEDERATION_ROSTER,frauen_bundesliga_germany,Frauen-Bundesliga,VfL Wolfsburg Women,,official_source_map,source_metadata_review_only,https://datencenter.dfb.de/competitions/google-pixel-frauen-bundesliga/seasons/google-pixel-frauen-bundesliga-2025-2026/teams/vfl-wolfsburg-2085,datencenter.dfb.de,official_federation,high,no,Use as official source-map candidate for future manual player research; no asset action.,DFB Datencenter 2025/26 team roster page; verify before player-level intake because season rollover is near.,true,false,false,false,false,false,false,false,false
europe_official_source_map,europe_operator_verify_required,P0_OFFICIAL_CLUB_ROSTER,frauen_bundesliga_germany,Frauen-Bundesliga,Hamburger SV Women,,official_source_map,source_metadata_review_only,https://www.hsv.de/profis/team-hsv-frauen/kader-hsv-frauen,hsv.de,official_team,medium,yes,Verify source page manually before using for player-level candidate intake.,Official HSV women roster page found outside DFB Datencenter; verify against DFB once 2026/27 pages settle.,true,false,false,false,false,false,false,false,false
europe_official_source_map,europe_operator_verify_required,P0_OFFICIAL_CLUB_PAGE,frauen_bundesliga_germany,Frauen-Bundesliga,SC Freiburg Women,,official_source_map,source_metadata_review_only,https://www.scfreiburg.com/frauen,scfreiburg.com,official_team,medium_low,yes,Verify source page manually before using for player-level candidate intake.,Official women page found but parsed source was not a direct full roster; operator should locate current roster/profile path.,true,false,false,false,false,false,false,false,false
europe_official_source_map,europe_operator_verify_required,P0_OFFICIAL_CLUB_ROSTER,frauen_bundesliga_germany,Frauen-Bundesliga,TSG Hoffenheim Women,,official_source_map,source_metadata_review_only,https://www.tsg-hoffenheim.de/teams/frauen/bundesliga/team,tsg-hoffenheim.de,official_team,medium,yes,Verify source page manually before using for player-level candidate intake.,Official club Bundesliga women team page; verify player-profile pattern manually.,true,false,false,false,false,false,false,false,false
europe_official_source_map,europe_operator_verify_required,P0_OFFICIAL_CLUB_ROSTER,serie_a_women_italy,Serie A Women,AC Milan Women,,official_source_map,source_metadata_review_only,https://www.acmilan.com/en/teams/women-first-team/all,acmilan.com,official_team,high,yes,Verify source page manually before using for player-level candidate intake.,Official club roster/player listing; verify player-profile path before automated matching.,true,false,false,false,false,false,false,false,false
europe_official_source_map,europe_operator_verify_required,P0_OFFICIAL_CLUB_ROSTER,serie_a_women_italy,Serie A Women,AS Roma Women,,official_source_map,source_metadata_review_only,https://www.asroma.com/en/women/players-and-staff,asroma.com,official_team,high,yes,Verify source page manually before using for player-level candidate intake.,Official club players-and-staff page; verify season rollover and profile paths.,true,false,false,false,false,false,false,false,false
europe_official_source_map,europe_operator_verify_required,P0_OFFICIAL_CLUB_ROSTER,serie_a_women_italy,Serie A Women,Como Women,,official_source_map,source_metadata_review_only,https://comowomen.com/en/team-and-staff,comowomen.com,official_team,high,yes,Verify source page manually before using for player-level candidate intake.,Official team-and-staff page; verify profile paths.,true,false,false,false,false,false,false,false,false
europe_official_source_map,europe_official_no_verify_metadata_candidate,P0_OFFICIAL_CLUB_ROSTER,serie_a_women_italy,Serie A Women,FC Internazionale Women,,official_source_map,source_metadata_review_only,https://www.inter.it/en/teams/inter-women,inter.it,official_team,high,no,Use as official source-map candidate for future manual player research; no asset action.,Official Inter Women page with player profile pattern visible from example player page.,true,false,false,false,false,false,false,false,false
europe_official_source_map,europe_operator_verify_required,P0_OFFICIAL_CLUB_ROSTER,serie_a_women_italy,Serie A Women,Fiorentina Women,,official_source_map,source_metadata_review_only,https://www.acffiorentina.com/en/fiorentina-women,acffiorentina.com,official_team,medium_high,yes,Verify source page manually before using for player-level candidate intake.,Official Fiorentina Women page; verify current roster/profile paths.,true,false,false,false,false,false,false,false,false
europe_official_source_map,europe_operator_verify_required,P0_OFFICIAL_CLUB_PAGE,serie_a_women_italy,Serie A Women,Genoa Women,,official_source_map,source_metadata_review_only,https://genoacfc.it/prima-squadra-femminile/,genoacfc.it,official_team,medium_low,yes,Verify source page manually before using for player-level candidate intake.,Official women page; parsed page emphasized calendar/classification more than full roster; verify 2026/27 status after 2025/26 changes.,true,false,false,false,false,false,false,false,false
europe_official_source_map,europe_operator_verify_required,P0_OFFICIAL_CLUB_ROSTER,serie_a_women_italy,Serie A Women,Juventus Women,,official_source_map,source_metadata_review_only,https://www.juventus.com/en/teams/first-team-women/squad/,juventus.com,official_team,high,yes,Verify source page manually before using for player-level candidate intake.,Official Juventus Women squad page; verify profile URL pattern manually.,true,false,false,false,false,false,false,false,false
europe_official_source_map,europe_operator_verify_required,P0_OFFICIAL_CLUB_ROSTER,serie_a_women_italy,Serie A Women,Lazio Women,,official_source_map,source_metadata_review_only,https://www.sslazio.it/it/team/lazio-prima-squadra-femminile/squadra,sslazio.it,official_team,high,yes,Verify source page manually before using for player-level candidate intake.,Official Lazio Women squad page; player profile pattern visible from site examples; verify each slug.,true,false,false,false,false,false,false,false,false
europe_official_source_map,europe_operator_verify_required,P0_OFFICIAL_CLUB_ROSTER,serie_a_women_italy,Serie A Women,Napoli Femminile,,official_source_map,source_metadata_review_only,https://napolifemminile.it/rosa/,napolifemminile.it,official_team,high,yes,Verify source page manually before using for player-level candidate intake.,Official roster page; verify current-season status after summer updates.,true,false,false,false,false,false,false,false,false
europe_official_source_map,europe_operator_verify_required,P0_OFFICIAL_CLUB_ROSTER,serie_a_women_italy,Serie A Women,Parma Women,,official_source_map,source_metadata_review_only,https://www.parmacalcio1913.com/prima-squadra-femminile/,parmacalcio1913.com,official_team,medium_high,yes,Verify source page manually before using for player-level candidate intake.,Official first-team women roster page found; verify dynamic player cards because parsed page exposes category anchors more than names.,true,false,false,false,false,false,false,false,false
europe_official_source_map,europe_gray_area_manual_verification_only,P1_NON_OFFICIAL_ROSTER_BACKUP,serie_a_women_italy,Serie A Women,Sassuolo Women,,official_source_map,source_metadata_review_only,https://www.soccerdonna.de/en/us-sassuolo/startseite/verein_6329.html,soccerdonna.de,non_official_public_database,medium,yes,"Manual research only; no approval, download, or candidate-state writeback.",Official Sassuolo page was news/archive-heavy; Soccerdonna gives a 2025/26 squad candidate. Operator should reconcile with club sources.,true,false,false,false,false,false,false,false,false
europe_official_source_map,europe_gray_area_manual_verification_only,P1_NON_OFFICIAL_ROSTER_BACKUP,serie_a_women_italy,Serie A Women,Ternana Women,,official_source_map,source_metadata_review_only,https://www.soccerdonna.de/en/ternana-women/kader/verein_7549.html,soccerdonna.de,non_official_public_database,medium,yes,"Manual research only; no approval, download, or candidate-state writeback.",Official Ternana Women homepage was current but roster path was not reliably parsed; Soccerdonna current squad is a backup candidate.,true,false,false,false,false,false,false,false,false
europe_official_source_map,europe_operator_verify_required,P0_OFFICIAL_CLUB_ROSTER,arkema_premiere_ligue_france,Arkema Première Ligue,AS Saint-Etienne Women,,official_source_map,source_metadata_review_only,https://www.asse.fr/fr/feminines/saison-2025-2026/arkema-premiere-ligue,asse.fr,official_team,high,yes,Verify source page manually before using for player-level candidate intake.,Official ASSE Effectif Arkema PL page; URL path and page title carry season-label mismatch so verify current season before intake.,true,false,false,false,false,false,false,false,false
europe_official_source_map,europe_operator_verify_required,P0_OFFICIAL_CLUB_ROSTER,arkema_premiere_ligue_france,Arkema Première Ligue,Dijon FCO Women,,official_source_map,source_metadata_review_only,https://www.dfco.fr/effectifs/division-1-feminine/,dfco.fr,official_team,high,yes,Verify source page manually before using for player-level candidate intake.,Official DFCO Division 1 féminine roster page; verify profile slugs manually.,true,false,false,false,false,false,false,false,false
europe_official_source_map,europe_operator_verify_required,P0_OFFICIAL_CLUB_ROSTER,arkema_premiere_ligue_france,Arkema Première Ligue,FC Fleury 91 Women,,official_source_map,source_metadata_review_only,https://www.fcfleury91.fr/effectif-arkemapl,fcfleury91.fr,official_team,medium,yes,Verify source page manually before using for player-level candidate intake.,Official Effectif Arkema PL page but parsed title says 2024-2025; verify against current season pages.,true,false,false,false,false,false,false,false,false
europe_official_source_map,europe_operator_verify_required,P0_OFFICIAL_CLUB_ROSTER,arkema_premiere_ligue_france,Arkema Première Ligue,FC Nantes Women,,official_source_map,source_metadata_review_only,https://www.fcnantes.com/feminines/20252026/effectifD1F.php,fcnantes.com,official_team,medium,yes,Verify source page manually before using for player-level candidate intake.,Official FC Nantes 2025/26 D1F roster URL candidate; page had limited parser access so verify in browser.,true,false,false,false,false,false,false,false,false
europe_official_source_map,europe_operator_verify_required,P0_OFFICIAL_CLUB_ROSTER,arkema_premiere_ligue_france,Arkema Première Ligue,Le Havre AC Women,,official_source_map,source_metadata_review_only,https://hac.football/fr/players?competition=FD1,hac.football,official_team,high,yes,Verify source page manually before using for player-level candidate intake.,Official HAC Arkema Première Ligue players page reached from club menu; verify profile paths.,true,false,false,false,false,false,false,false,false
europe_official_source_map,europe_operator_verify_required,P0_OFFICIAL_CLUB_ROSTER,arkema_premiere_ligue_france,Arkema Première Ligue,MHSC Feminines,,official_source_map,source_metadata_review_only,https://mhscfoot.com/en/effectif/2025-2026/d1-feminines/,mhscfoot.com,official_team,medium_high,yes,Verify source page manually before using for player-level candidate intake.,Official MHSC Féminine Pro 2025/26 team-and-staff page candidate; verify language/season variant before intake.,true,false,false,false,false,false,false,false,false
europe_official_source_map,europe_operator_verify_required,P0_OFFICIAL_CLUB_ROSTER,arkema_premiere_ligue_france,Arkema Première Ligue,OL Lyonnes,,official_source_map,source_metadata_review_only,https://www.ol-lyonnes.com/saison-25-26/effectif/,ol-lyonnes.com,official_team,high,yes,Verify source page manually before using for player-level candidate intake.,Official OL Lyonnes 25-26 effectif page; verify 2026/27 transition updates.,true,false,false,false,false,false,false,false,false
europe_official_source_map,europe_operator_verify_required,P0_OFFICIAL_CLUB_ROSTER,arkema_premiere_ligue_france,Arkema Première Ligue,Olympique Marseille Women,,official_source_map,source_metadata_review_only,https://www.om.fr/en/team/women,om.fr,official_team,high,yes,Verify source page manually before using for player-level candidate intake.,Official OM women team page; verify current roster and profile slugs manually.,true,false,false,false,false,false,false,false,false
europe_official_source_map,europe_operator_verify_required,P0_OFFICIAL_CLUB_ROSTER,arkema_premiere_ligue_france,Arkema Première Ligue,Paris FC Women,,official_source_map,source_metadata_review_only,https://parisfc.fr/pro-femme/joueuses-staff/,parisfc.fr,official_team,high,yes,Verify source page manually before using for player-level candidate intake.,Official Paris FC pro féminine joueuses-and-staff page; verify player profile links and season rollover.,true,false,false,false,false,false,false,false,false
europe_official_source_map,europe_operator_verify_required,P0_OFFICIAL_CLUB_ROSTER,arkema_premiere_ligue_france,Arkema Première Ligue,Paris Saint-Germain Women,,official_source_map,source_metadata_review_only,https://www.psg.fr/football-feminin/effectif,psg.fr,official_team,high,yes,Verify source page manually before using for player-level candidate intake.,Official PSG football féminin effectif page; verify player profile slugs manually.,true,false,false,false,false,false,false,false,false
europe_official_source_map,europe_operator_verify_required,P0_OFFICIAL_CLUB_ROSTER,arkema_premiere_ligue_france,Arkema Première Ligue,RC Lens Women,,official_source_map,source_metadata_review_only,https://www.rclens.fr/fr/feminines/joueuses,rclens.fr,official_team,high,yes,Verify source page manually before using for player-level candidate intake.,Official RC Lens féminines joueuses page; verify after first elite-season squad updates.,true,false,false,false,false,false,false,false,false
europe_official_source_map,europe_operator_verify_required,P0_OFFICIAL_CLUB_ROSTER,arkema_premiere_ligue_france,Arkema Première Ligue,RC Strasbourg Alsace Women,,official_source_map,source_metadata_review_only,https://www.rcstrasbourgalsace.fr/equipe-arkema-premiere-ligue-25-26/,rcstrasbourgalsace.fr,official_team,medium_high,yes,Verify source page manually before using for player-level candidate intake.,Official RC Strasbourg Arkema Première Ligue 25-26 team page; parser had limited access so verify roster details manually.,true,false,false,false,false,false,false,false,false
europe_official_source_map,europe_gray_area_manual_verification_only,P2_NON_OFFICIAL_LEAGUE_BACKUP,wsl_england,Women's Super League,ALL_TEAMS_BACKUP,,official_source_map,source_metadata_review_only,https://www.soccerdonna.de/en/womens-super-league/startseite/wettbewerb_ENG1.html,soccerdonna.de,non_official_public_database,medium,yes,"Manual research only; no approval, download, or candidate-state writeback.",Backup only for official WSL parsing gaps or roster-history cross-checks.,true,false,false,false,false,false,false,false,false
europe_official_source_map,europe_gray_area_manual_verification_only,P2_NON_OFFICIAL_LEAGUE_BACKUP,liga_f_spain,Liga F,ALL_TEAMS_BACKUP,,official_source_map,source_metadata_review_only,https://www.soccerdonna.de/en/primera-division-femenina/startseite/wettbewerb_ESP1.html,soccerdonna.de,non_official_public_database,medium,yes,"Manual research only; no approval, download, or candidate-state writeback.",Backup only for Liga F official parsing gaps or roster-history cross-checks.,true,false,false,false,false,false,false,false,false
europe_official_source_map,europe_gray_area_manual_verification_only,P2_GRAY_AREA_LEAGUE_BACKUP,frauen_bundesliga_germany,Frauen-Bundesliga,ALL_TEAMS_BACKUP,,official_source_map,source_metadata_review_only,https://globalsportsarchive.com/en/soccer/competition/google-pixel-frauen-bundesliga-2025-2026/76011,globalsportsarchive.com,gray_area_public_source,low_medium,yes,"Manual research only; no approval, download, or candidate-state writeback.",Backup only where DFB/club pages are stale or hard to parse; operator must verify every player row.,true,false,false,false,false,false,false,false,false
europe_official_source_map,europe_gray_area_manual_verification_only,P2_NON_OFFICIAL_LEAGUE_BACKUP,serie_a_women_italy,Serie A Women,ALL_TEAMS_BACKUP,,official_source_map,source_metadata_review_only,https://www.soccerdonna.de/en/serie-a-women/startseite/wettbewerb_IT1.html,soccerdonna.de,non_official_public_database,medium,yes,"Manual research only; no approval, download, or candidate-state writeback.",Backup only for Serie A Women club pages that are incomplete or hard to parse.,true,false,false,false,false,false,false,false,false
europe_official_source_map,europe_gray_area_manual_verification_only,P2_GRAY_AREA_LEAGUE_BACKUP,arkema_premiere_ligue_france,Arkema Première Ligue,ALL_TEAMS_BACKUP,,official_source_map,source_metadata_review_only,https://globalsportsarchive.com/en/soccer/competition/arkema-premiere-ligue-2025-2026/76150,globalsportsarchive.com,gray_area_public_source,low_medium,yes,"Manual research only; no approval, download, or candidate-state writeback.",Backup only where official Arkema/team pages are incomplete or hard to parse; operator must verify every player row.,true,false,false,false,false,false,false,false,false
