athlete_id,display_name,team_id,provider_player_id,approved_file,approved_marker,source_file,approved_at_utc,decision_source
atlanta_dream_naz_hillmon,Naz Hillmon,atlanta_dream,1631044,assets/leagues/wnba/athletes/atlanta_dream_naz_hillmon/headshot.png,assets/leagues/wnba/athletes/atlanta_dream_naz_hillmon/headshot.png.approved,outputs/latest/review_files/athlete_image_approval_pack/downloads/atlanta_dream/atlanta_dream_naz_hillmon__1631044.png,2026-06-15T20:58:37.836945+00:00,default
atlanta_dream_amy_okonkwo,Amy Okonkwo,atlanta_dream,1629539,assets/leagues/wnba/athletes/atlanta_dream_amy_okonkwo/headshot.png,assets/leagues/wnba/athletes/atlanta_dream_amy_okonkwo/headshot.png.approved,outputs/latest/review_files/athlete_image_approval_pack/downloads/atlanta_dream/atlanta_dream_amy_okonkwo__1629539.png,2026-06-15T20:58:37.837363+00:00,default
atlanta_dream_te_hina_paopao,Te-Hina Paopao,atlanta_dream,1642804,assets/leagues/wnba/athletes/atlanta_dream_te_hina_paopao/headshot.png,assets/leagues/wnba/athletes/atlanta_dream_te_hina_paopao/headshot.png.approved,outputs/latest/review_files/athlete_image_approval_pack/downloads/atlanta_dream/atlanta_dream_te_hina_paopao__1642804.png,2026-06-15T20:58:37.837791+00:00,default
atlanta_dream_jordin_canada,Jordin Canada,atlanta_dream,1628886,assets/leagues/wnba/athletes/atlanta_dream_jordin_canada/headshot.png,assets/leagues/wnba/athletes/atlanta_dream_jordin_canada/headshot.png.approved,outputs/latest/review_files/athlete_image_approval_pack/downloads/atlanta_dream/atlanta_dream_jordin_canada__1628886.png,2026-06-15T20:58:37.838180+00:00,default
atlanta_dream_angel_reese,Angel Reese,atlanta_dream,1642291,assets/leagues/wnba/athletes/atlanta_dream_angel_reese/headshot.png,assets/leagues/wnba/athletes/atlanta_dream_angel_reese/headshot.png.approved,outputs/latest/review_files/athlete_image_approval_pack/downloads/atlanta_dream/atlanta_dream_angel_reese__1642291.png,2026-06-15T20:58:37.838572+00:00,default
atlanta_dream_rhyne_howard,Rhyne Howard,atlanta_dream,1631009,assets/leagues/wnba/athletes/atlanta_dream_rhyne_howard/headshot.png,assets/leagues/wnba/athletes/atlanta_dream_rhyne_howard/headshot.png.approved,outputs/latest/review_files/athlete_image_approval_pack/downloads/atlanta_dream/atlanta_dream_rhyne_howard__1631009.png,2026-06-15T20:58:37.838956+00:00,default
atlanta_dream_madina_okot,Madina Okot,atlanta_dream,1643431,assets/leagues/wnba/athletes/atlanta_dream_madina_okot/headshot.png,assets/leagues/wnba/athletes/atlanta_dream_madina_okot/headshot.png.approved,outputs/latest/review_files/athlete_image_approval_pack/downloads/atlanta_dream/atlanta_dream_madina_okot__1643431.png,2026-06-15T20:58:37.839323+00:00,default
atlanta_dream_allisha_gray,Allisha Gray,atlanta_dream,1628277,assets/leagues/wnba/athletes/atlanta_dream_allisha_gray/headshot.png,assets/leagues/wnba/athletes/atlanta_dream_allisha_gray/headshot.png.approved,outputs/latest/review_files/athlete_image_approval_pack/downloads/atlanta_dream/atlanta_dream_allisha_gray__1628277.png,2026-06-15T20:58:37.839756+00:00,default
atlanta_dream_isobel_borlase,Isobel Borlase,atlanta_dream,1642302,assets/leagues/wnba/athletes/atlanta_dream_isobel_borlase/headshot.png,assets/leagues/wnba/athletes/atlanta_dream_isobel_borlase/headshot.png.approved,outputs/latest/review_files/athlete_image_approval_pack/downloads/atlanta_dream/atlanta_dream_isobel_borlase__1642302.png,2026-06-15T20:58:37.840144+00:00,default
atlanta_dream_indya_nivar,Indya Nivar,atlanta_dream,1643469,assets/leagues/wnba/athletes/atlanta_dream_indya_nivar/headshot.png,assets/leagues/wnba/athletes/atlanta_dream_indya_nivar/headshot.png.approved,outputs/latest/review_files/athlete_image_approval_pack/downloads/atlanta_dream/atlanta_dream_indya_nivar__1643469.png,2026-06-15T20:58:37.840518+00:00,default
atlanta_dream_sika_kone,Sika Kone,atlanta_dream,1631021,assets/leagues/wnba/athletes/atlanta_dream_sika_kone/headshot.png,assets/leagues/wnba/athletes/atlanta_dream_sika_kone/headshot.png.approved,outputs/latest/review_files/athlete_image_approval_pack/downloads/atlanta_dream/atlanta_dream_sika_kone__1631021.png,2026-06-15T20:58:37.840898+00:00,default
atlanta_dream_aaliyah_nye,Aaliyah Nye,atlanta_dream,1642801,assets/leagues/wnba/athletes/atlanta_dream_aaliyah_nye/headshot.png,assets/leagues/wnba/athletes/atlanta_dream_aaliyah_nye/headshot.png.approved,outputs/latest/review_files/athlete_image_approval_pack/downloads/atlanta_dream/atlanta_dream_aaliyah_nye__1642801.png,2026-06-15T20:58:37.841267+00:00,default
atlanta_dream_brionna_jones,Brionna Jones,atlanta_dream,1628280,assets/leagues/wnba/athletes/atlanta_dream_brionna_jones/headshot.png,assets/leagues/wnba/athletes/atlanta_dream_brionna_jones/headshot.png.approved,outputs/latest/review_files/athlete_image_approval_pack/downloads/atlanta_dream/atlanta_dream_brionna_jones__1628280.png,2026-06-15T20:58:37.841685+00:00,default
chicago_sky_jacy_sheldon,Jacy Sheldon,chicago_sky,1642292,assets/leagues/wnba/athletes/chicago_sky_jacy_sheldon/headshot.png,assets/leagues/wnba/athletes/chicago_sky_jacy_sheldon/headshot.png.approved,outputs/latest/review_files/athlete_image_approval_pack/downloads/chicago_sky/chicago_sky_jacy_sheldon__1642292.png,2026-06-15T20:58:37.842057+00:00,default
chicago_sky_elizabeth_williams,Elizabeth Williams,chicago_sky,204322,assets/leagues/wnba/athletes/chicago_sky_elizabeth_williams/headshot.png,assets/leagues/wnba/athletes/chicago_sky_elizabeth_williams/headshot.png.approved,outputs/latest/review_files/athlete_image_approval_pack/downloads/chicago_sky/chicago_sky_elizabeth_williams__204322.png,2026-06-15T20:58:37.842418+00:00,default
chicago_sky_skylar_diggins,Skylar Diggins,chicago_sky,203400,assets/leagues/wnba/athletes/chicago_sky_skylar_diggins/headshot.png,assets/leagues/wnba/athletes/chicago_sky_skylar_diggins/headshot.png.approved,outputs/latest/review_files/athlete_image_approval_pack/downloads/chicago_sky/chicago_sky_skylar_diggins__203400.png,2026-06-15T20:58:37.842802+00:00,default
chicago_sky_rickea_jackson,Rickea Jackson,chicago_sky,1642288,assets/leagues/wnba/athletes/chicago_sky_rickea_jackson/headshot.png,assets/leagues/wnba/athletes/chicago_sky_rickea_jackson/headshot.png.approved,outputs/latest/review_files/athlete_image_approval_pack/downloads/chicago_sky/chicago_sky_rickea_jackson__1642288.png,2026-06-15T20:58:37.843215+00:00,default
chicago_sky_saylor_poffenbarger,Saylor Poffenbarger,chicago_sky,1643458,assets/leagues/wnba/athletes/chicago_sky_saylor_poffenbarger/headshot.png,assets/leagues/wnba/athletes/chicago_sky_saylor_poffenbarger/headshot.png.approved,outputs/latest/review_files/athlete_image_approval_pack/downloads/chicago_sky/chicago_sky_saylor_poffenbarger__1643458.png,2026-06-15T20:58:37.843591+00:00,default
chicago_sky_dijonai_carrington,DiJonai Carrington,chicago_sky,1630096,assets/leagues/wnba/athletes/chicago_sky_dijonai_carrington/headshot.png,assets/leagues/wnba/athletes/chicago_sky_dijonai_carrington/headshot.png.approved,outputs/latest/review_files/athlete_image_approval_pack/downloads/chicago_sky/chicago_sky_dijonai_carrington__1630096.png,2026-06-15T20:58:37.843950+00:00,default
chicago_sky_natasha_cloud,Natasha Cloud,chicago_sky,204333,assets/leagues/wnba/athletes/chicago_sky_natasha_cloud/headshot.png,assets/leagues/wnba/athletes/chicago_sky_natasha_cloud/headshot.png.approved,outputs/latest/review_files/athlete_image_approval_pack/downloads/chicago_sky/chicago_sky_natasha_cloud__204333.png,2026-06-15T20:58:37.844316+00:00,default
chicago_sky_kamilla_cardoso,Kamilla Cardoso,chicago_sky,1642289,assets/leagues/wnba/athletes/chicago_sky_kamilla_cardoso/headshot.png,assets/leagues/wnba/athletes/chicago_sky_kamilla_cardoso/headshot.png.approved,outputs/latest/review_files/athlete_image_approval_pack/downloads/chicago_sky/chicago_sky_kamilla_cardoso__1642289.png,2026-06-15T20:58:37.844701+00:00,default
chicago_sky_gabriela_jaquez,Gabriela Jaquez,chicago_sky,1643447,assets/leagues/wnba/athletes/chicago_sky_gabriela_jaquez/headshot.png,assets/leagues/wnba/athletes/chicago_sky_gabriela_jaquez/headshot.png.approved,outputs/latest/review_files/athlete_image_approval_pack/downloads/chicago_sky/chicago_sky_gabriela_jaquez__1643447.png,2026-06-15T20:58:37.845012+00:00,default
chicago_sky_sydney_taylor,Sydney Taylor,chicago_sky,1642321,assets/leagues/wnba/athletes/chicago_sky_sydney_taylor/headshot.png,assets/leagues/wnba/athletes/chicago_sky_sydney_taylor/headshot.png.approved,outputs/latest/review_files/athlete_image_approval_pack/downloads/chicago_sky/chicago_sky_sydney_taylor__1642321.png,2026-06-15T20:58:37.845273+00:00,default
chicago_sky_maddy_westbeld,Maddy Westbeld,chicago_sky,1642818,assets/leagues/wnba/athletes/chicago_sky_maddy_westbeld/headshot.png,assets/leagues/wnba/athletes/chicago_sky_maddy_westbeld/headshot.png.approved,outputs/latest/review_files/athlete_image_approval_pack/downloads/chicago_sky/chicago_sky_maddy_westbeld__1642818.png,2026-06-15T20:58:37.845547+00:00,default
chicago_sky_courtney_vandersloot,Courtney Vandersloot,chicago_sky,202664,assets/leagues/wnba/athletes/chicago_sky_courtney_vandersloot/headshot.png,assets/leagues/wnba/athletes/chicago_sky_courtney_vandersloot/headshot.png.approved,outputs/latest/review_files/athlete_image_approval_pack/downloads/chicago_sky/chicago_sky_courtney_vandersloot__202664.png,2026-06-15T20:58:37.845982+00:00,default
chicago_sky_rachel_banham,Rachel Banham,chicago_sky,1627671,assets/leagues/wnba/athletes/chicago_sky_rachel_banham/headshot.png,assets/leagues/wnba/athletes/chicago_sky_rachel_banham/headshot.png.approved,outputs/latest/review_files/athlete_image_approval_pack/downloads/chicago_sky/chicago_sky_rachel_banham__1627671.png,2026-06-15T20:58:37.846341+00:00,default
chicago_sky_azura_stevens,Azura Stevens,chicago_sky,1628922,assets/leagues/wnba/athletes/chicago_sky_azura_stevens/headshot.png,assets/leagues/wnba/athletes/chicago_sky_azura_stevens/headshot.png.approved,outputs/latest/review_files/athlete_image_approval_pack/downloads/chicago_sky/chicago_sky_azura_stevens__1628922.png,2026-06-15T20:58:37.846715+00:00,default
chicago_sky_aicha_coulibaly,Aicha Coulibaly,chicago_sky,1642786,assets/leagues/wnba/athletes/chicago_sky_aicha_coulibaly/headshot.png,assets/leagues/wnba/athletes/chicago_sky_aicha_coulibaly/headshot.png.approved,outputs/latest/review_files/athlete_image_approval_pack/downloads/chicago_sky/chicago_sky_aicha_coulibaly__1642786.png,2026-06-15T20:58:37.847072+00:00,default
connecticut_sun_diamond_miller,Diamond Miller,connecticut_sun,1641649,assets/leagues/wnba/athletes/connecticut_sun_diamond_miller/headshot.png,assets/leagues/wnba/athletes/connecticut_sun_diamond_miller/headshot.png.approved,outputs/latest/review_files/athlete_image_approval_pack/downloads/connecticut_sun/connecticut_sun_diamond_miller__1641649.png,2026-06-15T20:58:37.847435+00:00,default
connecticut_sun_hailey_van_lith,Hailey Van Lith,connecticut_sun,1642817,assets/leagues/wnba/athletes/connecticut_sun_hailey_van_lith/headshot.png,assets/leagues/wnba/athletes/connecticut_sun_hailey_van_lith/headshot.png.approved,outputs/latest/review_files/athlete_image_approval_pack/downloads/connecticut_sun/connecticut_sun_hailey_van_lith__1642817.png,2026-06-15T20:58:37.847806+00:00,default
connecticut_sun_ashlon_jackson,Ashlon Jackson,connecticut_sun,1643437,assets/leagues/wnba/athletes/connecticut_sun_ashlon_jackson/headshot.png,assets/leagues/wnba/athletes/connecticut_sun_ashlon_jackson/headshot.png.approved,outputs/latest/review_files/athlete_image_approval_pack/downloads/connecticut_sun/connecticut_sun_ashlon_jackson__1643437.png,2026-06-15T20:58:37.848156+00:00,default
connecticut_sun_charlisse_leger_walker,Charlisse Leger-Walker,connecticut_sun,1643449,assets/leagues/wnba/athletes/connecticut_sun_charlisse_leger_walker/headshot.png,assets/leagues/wnba/athletes/connecticut_sun_charlisse_leger_walker/headshot.png.approved,outputs/latest/review_files/athlete_image_approval_pack/downloads/connecticut_sun/connecticut_sun_charlisse_leger_walker__1643449.png,2026-06-15T20:58:37.848511+00:00,default
connecticut_sun_gianna_kneepkens,Gianna Kneepkens,connecticut_sun,1643429,assets/leagues/wnba/athletes/connecticut_sun_gianna_kneepkens/headshot.png,assets/leagues/wnba/athletes/connecticut_sun_gianna_kneepkens/headshot.png.approved,outputs/latest/review_files/athlete_image_approval_pack/downloads/connecticut_sun/connecticut_sun_gianna_kneepkens__1643429.png,2026-06-15T20:58:37.848904+00:00,default
connecticut_sun_aaliyah_edwards,Aaliyah Edwards,connecticut_sun,1642290,assets/leagues/wnba/athletes/connecticut_sun_aaliyah_edwards/headshot.png,assets/leagues/wnba/athletes/connecticut_sun_aaliyah_edwards/headshot.png.approved,outputs/latest/review_files/athlete_image_approval_pack/downloads/connecticut_sun/connecticut_sun_aaliyah_edwards__1642290.png,2026-06-15T20:58:37.849270+00:00,default
connecticut_sun_olivia_nelson_ododa,Olivia Nelson-Ododa,connecticut_sun,1631135,assets/leagues/wnba/athletes/connecticut_sun_olivia_nelson_ododa/headshot.png,assets/leagues/wnba/athletes/connecticut_sun_olivia_nelson_ododa/headshot.png.approved,outputs/latest/review_files/athlete_image_approval_pack/downloads/connecticut_sun/connecticut_sun_olivia_nelson_ododa__1631135.png,2026-06-15T20:58:37.849655+00:00,default
connecticut_sun_raegan_beers,Raegan Beers,connecticut_sun,1643441,assets/leagues/wnba/athletes/connecticut_sun_raegan_beers/headshot.png,assets/leagues/wnba/athletes/connecticut_sun_raegan_beers/headshot.png.approved,outputs/latest/review_files/athlete_image_approval_pack/downloads/connecticut_sun/connecticut_sun_raegan_beers__1643441.png,2026-06-15T20:58:37.850025+00:00,default
connecticut_sun_saniya_rivers,Saniya Rivers,connecticut_sun,1642809,assets/leagues/wnba/athletes/connecticut_sun_saniya_rivers/headshot.png,assets/leagues/wnba/athletes/connecticut_sun_saniya_rivers/headshot.png.approved,outputs/latest/review_files/athlete_image_approval_pack/downloads/connecticut_sun/connecticut_sun_saniya_rivers__1642809.png,2026-06-15T20:58:37.850384+00:00,default
connecticut_sun_aneesah_morrow,Aneesah Morrow,connecticut_sun,1642800,assets/leagues/wnba/athletes/connecticut_sun_aneesah_morrow/headshot.png,assets/leagues/wnba/athletes/connecticut_sun_aneesah_morrow/headshot.png.approved,outputs/latest/review_files/athlete_image_approval_pack/downloads/connecticut_sun/connecticut_sun_aneesah_morrow__1642800.png,2026-06-15T20:58:37.850821+00:00,default
connecticut_sun_kennedy_burke,Kennedy Burke,connecticut_sun,1629568,assets/leagues/wnba/athletes/connecticut_sun_kennedy_burke/headshot.png,assets/leagues/wnba/athletes/connecticut_sun_kennedy_burke/headshot.png.approved,outputs/latest/review_files/athlete_image_approval_pack/downloads/connecticut_sun/connecticut_sun_kennedy_burke__1629568.png,2026-06-15T20:58:37.851179+00:00,default
connecticut_sun_nell_angloma,Nell Angloma,connecticut_sun,1643448,assets/leagues/wnba/athletes/connecticut_sun_nell_angloma/headshot.png,assets/leagues/wnba/athletes/connecticut_sun_nell_angloma/headshot.png.approved,outputs/latest/review_files/athlete_image_approval_pack/downloads/connecticut_sun/connecticut_sun_nell_angloma__1643448.png,2026-06-15T20:58:37.851534+00:00,default
connecticut_sun_brittney_griner,Brittney Griner,connecticut_sun,203398,assets/leagues/wnba/athletes/connecticut_sun_brittney_griner/headshot.png,assets/leagues/wnba/athletes/connecticut_sun_brittney_griner/headshot.png.approved,outputs/latest/review_files/athlete_image_approval_pack/downloads/connecticut_sun/connecticut_sun_brittney_griner__203398.png,2026-06-15T20:58:37.851909+00:00,default
connecticut_sun_leila_lacan,Leila Lacan,connecticut_sun,1642303,assets/leagues/wnba/athletes/connecticut_sun_leila_lacan/headshot.png,assets/leagues/wnba/athletes/connecticut_sun_leila_lacan/headshot.png.approved,outputs/latest/review_files/athlete_image_approval_pack/downloads/connecticut_sun/connecticut_sun_leila_lacan__1642303.png,2026-06-15T20:58:37.852254+00:00,default
indiana_fever_kelsey_mitchell,Kelsey Mitchell,indiana_fever,1628909,assets/leagues/wnba/athletes/indiana_fever_kelsey_mitchell/headshot.png,assets/leagues/wnba/athletes/indiana_fever_kelsey_mitchell/headshot.png.approved,outputs/latest/review_files/athlete_image_approval_pack/downloads/indiana_fever/indiana_fever_kelsey_mitchell__1628909.png,2026-06-15T20:58:37.852654+00:00,default
indiana_fever_myisha_hines_allen,Myisha Hines-Allen,indiana_fever,1628899,assets/leagues/wnba/athletes/indiana_fever_myisha_hines_allen/headshot.png,assets/leagues/wnba/athletes/indiana_fever_myisha_hines_allen/headshot.png.approved,outputs/latest/review_files/athlete_image_approval_pack/downloads/indiana_fever/indiana_fever_myisha_hines_allen__1628899.png,2026-06-15T20:58:37.853015+00:00,default
indiana_fever_raven_johnson,Raven Johnson,indiana_fever,1643433,assets/leagues/wnba/athletes/indiana_fever_raven_johnson/headshot.png,assets/leagues/wnba/athletes/indiana_fever_raven_johnson/headshot.png.approved,outputs/latest/review_files/athlete_image_approval_pack/downloads/indiana_fever/indiana_fever_raven_johnson__1643433.png,2026-06-15T20:58:37.853373+00:00,default
indiana_fever_aliyah_boston,Aliyah Boston,indiana_fever,1641648,assets/leagues/wnba/athletes/indiana_fever_aliyah_boston/headshot.png,assets/leagues/wnba/athletes/indiana_fever_aliyah_boston/headshot.png.approved,outputs/latest/review_files/athlete_image_approval_pack/downloads/indiana_fever/indiana_fever_aliyah_boston__1641648.png,2026-06-15T20:58:37.853761+00:00,default
indiana_fever_sophie_cunningham,Sophie Cunningham,indiana_fever,1629482,assets/leagues/wnba/athletes/indiana_fever_sophie_cunningham/headshot.png,assets/leagues/wnba/athletes/indiana_fever_sophie_cunningham/headshot.png.approved,outputs/latest/review_files/athlete_image_approval_pack/downloads/indiana_fever/indiana_fever_sophie_cunningham__1629482.png,2026-06-15T20:58:37.854112+00:00,default
indiana_fever_lexie_hull,Lexie Hull,indiana_fever,1631086,assets/leagues/wnba/athletes/indiana_fever_lexie_hull/headshot.png,assets/leagues/wnba/athletes/indiana_fever_lexie_hull/headshot.png.approved,outputs/latest/review_files/athlete_image_approval_pack/downloads/indiana_fever/indiana_fever_lexie_hull__1631086.png,2026-06-15T20:58:37.854463+00:00,default
indiana_fever_damiris_dantas,Damiris Dantas,indiana_fever,203024,assets/leagues/wnba/athletes/indiana_fever_damiris_dantas/headshot.png,assets/leagues/wnba/athletes/indiana_fever_damiris_dantas/headshot.png.approved,outputs/latest/review_files/athlete_image_approval_pack/downloads/indiana_fever/indiana_fever_damiris_dantas__203024.png,2026-06-15T20:58:37.854827+00:00,default
indiana_fever_justine_pissott,Justine Pissott,indiana_fever,1643495,assets/leagues/wnba/athletes/indiana_fever_justine_pissott/headshot.png,assets/leagues/wnba/athletes/indiana_fever_justine_pissott/headshot.png.approved,outputs/latest/review_files/athlete_image_approval_pack/downloads/indiana_fever/indiana_fever_justine_pissott__1643495.png,2026-06-15T20:58:37.855182+00:00,default
indiana_fever_grace_vanslooten,Grace VanSlooten,indiana_fever,1643453,assets/leagues/wnba/athletes/indiana_fever_grace_vanslooten/headshot.png,assets/leagues/wnba/athletes/indiana_fever_grace_vanslooten/headshot.png.approved,outputs/latest/review_files/athlete_image_approval_pack/downloads/indiana_fever/indiana_fever_grace_vanslooten__1643453.png,2026-06-15T20:58:37.855530+00:00,default
indiana_fever_makayla_timpson,Makayla Timpson,indiana_fever,1642815,assets/leagues/wnba/athletes/indiana_fever_makayla_timpson/headshot.png,assets/leagues/wnba/athletes/indiana_fever_makayla_timpson/headshot.png.approved,outputs/latest/review_files/athlete_image_approval_pack/downloads/indiana_fever/indiana_fever_makayla_timpson__1642815.png,2026-06-15T20:58:37.855898+00:00,default
indiana_fever_caitlin_clark,Caitlin Clark,indiana_fever,1642286,assets/leagues/wnba/athletes/indiana_fever_caitlin_clark/headshot.png,assets/leagues/wnba/athletes/indiana_fever_caitlin_clark/headshot.png.approved,outputs/latest/review_files/athlete_image_approval_pack/downloads/indiana_fever/indiana_fever_caitlin_clark__1642286.png,2026-06-15T20:58:37.856244+00:00,default
indiana_fever_bree_hall,Bree Hall,indiana_fever,1642788,assets/leagues/wnba/athletes/indiana_fever_bree_hall/headshot.png,assets/leagues/wnba/athletes/indiana_fever_bree_hall/headshot.png.approved,outputs/latest/review_files/athlete_image_approval_pack/downloads/indiana_fever/indiana_fever_bree_hall__1642788.png,2026-06-15T20:58:37.856616+00:00,default
indiana_fever_monique_billings,Monique Billings,indiana_fever,1628881,assets/leagues/wnba/athletes/indiana_fever_monique_billings/headshot.png,assets/leagues/wnba/athletes/indiana_fever_monique_billings/headshot.png.approved,outputs/latest/review_files/athlete_image_approval_pack/downloads/indiana_fever/indiana_fever_monique_billings__1628881.png,2026-06-15T20:58:37.856938+00:00,default
indiana_fever_tyasha_harris,Tyasha Harris,indiana_fever,1630112,assets/leagues/wnba/athletes/indiana_fever_tyasha_harris/headshot.png,assets/leagues/wnba/athletes/indiana_fever_tyasha_harris/headshot.png.approved,outputs/latest/review_files/athlete_image_approval_pack/downloads/indiana_fever/indiana_fever_tyasha_harris__1630112.png,2026-06-15T20:58:37.857244+00:00,default
new_york_liberty_satou_sabally,Satou Sabally,new_york_liberty,1630149,assets/leagues/wnba/athletes/new_york_liberty_satou_sabally/headshot.png,assets/leagues/wnba/athletes/new_york_liberty_satou_sabally/headshot.png.approved,outputs/latest/review_files/athlete_image_approval_pack/downloads/new_york_liberty/new_york_liberty_satou_sabally__1630149.png,2026-06-15T20:58:37.857585+00:00,default
new_york_liberty_marine_fauthoux,Marine Fauthoux,new_york_liberty,1630469,assets/leagues/wnba/athletes/new_york_liberty_marine_fauthoux/headshot.png,assets/leagues/wnba/athletes/new_york_liberty_marine_fauthoux/headshot.png.approved,outputs/latest/review_files/athlete_image_approval_pack/downloads/new_york_liberty/new_york_liberty_marine_fauthoux__1630469.png,2026-06-15T20:58:37.857971+00:00,default
new_york_liberty_rebekah_gardner,Rebekah Gardner,new_york_liberty,203822,assets/leagues/wnba/athletes/new_york_liberty_rebekah_gardner/headshot.png,assets/leagues/wnba/athletes/new_york_liberty_rebekah_gardner/headshot.png.approved,outputs/latest/review_files/athlete_image_approval_pack/downloads/new_york_liberty/new_york_liberty_rebekah_gardner__203822.png,2026-06-15T20:58:37.858290+00:00,default
new_york_liberty_leonie_fiebich,Leonie Fiebich,new_york_liberty,204296,assets/leagues/wnba/athletes/new_york_liberty_leonie_fiebich/headshot.png,assets/leagues/wnba/athletes/new_york_liberty_leonie_fiebich/headshot.png.approved,outputs/latest/review_files/athlete_image_approval_pack/downloads/new_york_liberty/new_york_liberty_leonie_fiebich__204296.png,2026-06-15T20:58:37.858628+00:00,default
new_york_liberty_raquel_carrera,Raquel Carrera,new_york_liberty,1630142,assets/leagues/wnba/athletes/new_york_liberty_raquel_carrera/headshot.png,assets/leagues/wnba/athletes/new_york_liberty_raquel_carrera/headshot.png.approved,outputs/latest/review_files/athlete_image_approval_pack/downloads/new_york_liberty/new_york_liberty_raquel_carrera__1630142.png,2026-06-15T20:58:37.859573+00:00,default
new_york_liberty_pauline_astier,Pauline Astier,new_york_liberty,1630384,assets/leagues/wnba/athletes/new_york_liberty_pauline_astier/headshot.png,assets/leagues/wnba/athletes/new_york_liberty_pauline_astier/headshot.png.approved,outputs/latest/review_files/athlete_image_approval_pack/downloads/new_york_liberty/new_york_liberty_pauline_astier__1630384.png,2026-06-15T20:58:37.859905+00:00,default
new_york_liberty_sabrina_ionescu,Sabrina Ionescu,new_york_liberty,1631136,assets/leagues/wnba/athletes/new_york_liberty_sabrina_ionescu/headshot.png,assets/leagues/wnba/athletes/new_york_liberty_sabrina_ionescu/headshot.png.approved,outputs/latest/review_files/athlete_image_approval_pack/downloads/new_york_liberty/new_york_liberty_sabrina_ionescu__1631136.png,2026-06-15T20:58:37.860215+00:00,default
new_york_liberty_han_xu,Han Xu,new_york_liberty,1629477,assets/leagues/wnba/athletes/new_york_liberty_han_xu/headshot.png,assets/leagues/wnba/athletes/new_york_liberty_han_xu/headshot.png.approved,outputs/latest/review_files/athlete_image_approval_pack/downloads/new_york_liberty/new_york_liberty_han_xu__1629477.png,2026-06-15T20:58:37.860537+00:00,default
new_york_liberty_marine_johannes,Marine Johannes,new_york_liberty,1629566,assets/leagues/wnba/athletes/new_york_liberty_marine_johannes/headshot.png,assets/leagues/wnba/athletes/new_york_liberty_marine_johannes/headshot.png.approved,outputs/latest/review_files/athlete_image_approval_pack/downloads/new_york_liberty/new_york_liberty_marine_johannes__1629566.png,2026-06-15T20:58:37.860866+00:00,default
new_york_liberty_anneli_maley,Anneli Maley,new_york_liberty,1629546,assets/leagues/wnba/athletes/new_york_liberty_anneli_maley/headshot.png,assets/leagues/wnba/athletes/new_york_liberty_anneli_maley/headshot.png.approved,outputs/latest/review_files/athlete_image_approval_pack/downloads/new_york_liberty/new_york_liberty_anneli_maley__1629546.png,2026-06-15T20:58:37.861187+00:00,default
new_york_liberty_breanna_stewart,Breanna Stewart,new_york_liberty,1630993,assets/leagues/wnba/athletes/new_york_liberty_breanna_stewart/headshot.png,assets/leagues/wnba/athletes/new_york_liberty_breanna_stewart/headshot.png.approved,outputs/latest/review_files/athlete_image_approval_pack/downloads/new_york_liberty/new_york_liberty_breanna_stewart__1630993.png,2026-06-15T20:58:37.861495+00:00,default
new_york_liberty_jonquel_jones,Jonquel Jones,new_york_liberty,1627668,assets/leagues/wnba/athletes/new_york_liberty_jonquel_jones/headshot.png,assets/leagues/wnba/athletes/new_york_liberty_jonquel_jones/headshot.png.approved,outputs/latest/review_files/athlete_image_approval_pack/downloads/new_york_liberty/new_york_liberty_jonquel_jones__1627668.png,2026-06-15T20:58:37.861821+00:00,default
new_york_liberty_betnijah_laney_hamilton,Betnijah Laney-Hamilton,new_york_liberty,1627673,assets/leagues/wnba/athletes/new_york_liberty_betnijah_laney_hamilton/headshot.png,assets/leagues/wnba/athletes/new_york_liberty_betnijah_laney_hamilton/headshot.png.approved,outputs/latest/review_files/athlete_image_approval_pack/downloads/new_york_liberty/new_york_liberty_betnijah_laney_hamilton__1627673.png,2026-06-15T20:58:37.862129+00:00,default
toronto_tempo_kiki_rice,Kiki Rice,toronto_tempo,1643445,assets/leagues/wnba/athletes/toronto_tempo_kiki_rice/headshot.png,assets/leagues/wnba/athletes/toronto_tempo_kiki_rice/headshot.png.approved,outputs/latest/review_files/athlete_image_approval_pack/downloads/toronto_tempo/toronto_tempo_kiki_rice__1643445.png,2026-06-15T20:58:37.862445+00:00,default
toronto_tempo_laura_juskaite,Laura Juskaite,toronto_tempo,1643420,assets/leagues/wnba/athletes/toronto_tempo_laura_juskaite/headshot.png,assets/leagues/wnba/athletes/toronto_tempo_laura_juskaite/headshot.png.approved,outputs/latest/review_files/athlete_image_approval_pack/downloads/toronto_tempo/toronto_tempo_laura_juskaite__1643420.png,2026-06-15T20:58:37.862777+00:00,default
toronto_tempo_marina_mabrey,Marina Mabrey,toronto_tempo,1629497,assets/leagues/wnba/athletes/toronto_tempo_marina_mabrey/headshot.png,assets/leagues/wnba/athletes/toronto_tempo_marina_mabrey/headshot.png.approved,outputs/latest/review_files/athlete_image_approval_pack/downloads/toronto_tempo/toronto_tempo_marina_mabrey__1629497.png,2026-06-15T20:58:37.863085+00:00,default
toronto_tempo_teonni_key,Teonni Key,toronto_tempo,1643457,assets/leagues/wnba/athletes/toronto_tempo_teonni_key/headshot.png,assets/leagues/wnba/athletes/toronto_tempo_teonni_key/headshot.png.approved,outputs/latest/review_files/athlete_image_approval_pack/downloads/toronto_tempo/toronto_tempo_teonni_key__1643457.png,2026-06-15T20:58:37.863391+00:00,default
toronto_tempo_nyara_sabally,Nyara Sabally,toronto_tempo,1631055,assets/leagues/wnba/athletes/toronto_tempo_nyara_sabally/headshot.png,assets/leagues/wnba/athletes/toronto_tempo_nyara_sabally/headshot.png.approved,outputs/latest/review_files/athlete_image_approval_pack/downloads/toronto_tempo/toronto_tempo_nyara_sabally__1631055.png,2026-06-15T20:58:37.863714+00:00,default
toronto_tempo_kia_nurse,Kia Nurse,toronto_tempo,1628915,assets/leagues/wnba/athletes/toronto_tempo_kia_nurse/headshot.png,assets/leagues/wnba/athletes/toronto_tempo_kia_nurse/headshot.png.approved,outputs/latest/review_files/athlete_image_approval_pack/downloads/toronto_tempo/toronto_tempo_kia_nurse__1628915.png,2026-06-15T20:58:37.864033+00:00,default
toronto_tempo_temi_fagbenle,Temi Fagbenle,toronto_tempo,1627701,assets/leagues/wnba/athletes/toronto_tempo_temi_fagbenle/headshot.png,assets/leagues/wnba/athletes/toronto_tempo_temi_fagbenle/headshot.png.approved,outputs/latest/review_files/athlete_image_approval_pack/downloads/toronto_tempo/toronto_tempo_temi_fagbenle__1627701.png,2026-06-15T20:58:37.864347+00:00,default
toronto_tempo_brittney_sykes,Brittney Sykes,toronto_tempo,1628279,assets/leagues/wnba/athletes/toronto_tempo_brittney_sykes/headshot.png,assets/leagues/wnba/athletes/toronto_tempo_brittney_sykes/headshot.png.approved,outputs/latest/review_files/athlete_image_approval_pack/downloads/toronto_tempo/toronto_tempo_brittney_sykes__1628279.png,2026-06-15T20:58:37.864672+00:00,default
toronto_tempo_isabelle_harrison,Isabelle Harrison,toronto_tempo,204330,assets/leagues/wnba/athletes/toronto_tempo_isabelle_harrison/headshot.png,assets/leagues/wnba/athletes/toronto_tempo_isabelle_harrison/headshot.png.approved,outputs/latest/review_files/athlete_image_approval_pack/downloads/toronto_tempo/toronto_tempo_isabelle_harrison__204330.png,2026-06-15T20:58:37.864987+00:00,default
toronto_tempo_julie_allemand,Julie Allemand,toronto_tempo,1627700,assets/leagues/wnba/athletes/toronto_tempo_julie_allemand/headshot.png,assets/leagues/wnba/athletes/toronto_tempo_julie_allemand/headshot.png.approved,outputs/latest/review_files/athlete_image_approval_pack/downloads/toronto_tempo/toronto_tempo_julie_allemand__1627700.png,2026-06-15T20:58:37.865289+00:00,default
washington_mystics_shakira_austin,Shakira Austin,washington_mystics,1631022,assets/leagues/wnba/athletes/washington_mystics_shakira_austin/headshot.png,assets/leagues/wnba/athletes/washington_mystics_shakira_austin/headshot.png.approved,outputs/latest/review_files/athlete_image_approval_pack/downloads/washington_mystics/washington_mystics_shakira_austin__1631022.png,2026-06-15T20:58:37.865649+00:00,default
washington_mystics_alicia_florez,Alicia Florez,washington_mystics,1643644,assets/leagues/wnba/athletes/washington_mystics_alicia_florez/headshot.png,assets/leagues/wnba/athletes/washington_mystics_alicia_florez/headshot.png.approved,outputs/latest/review_files/athlete_image_approval_pack/downloads/washington_mystics/washington_mystics_alicia_florez__1643644.png,2026-06-15T20:58:37.866010+00:00,default
washington_mystics_rori_harmon,Rori Harmon,washington_mystics,1643450,assets/leagues/wnba/athletes/washington_mystics_rori_harmon/headshot.png,assets/leagues/wnba/athletes/washington_mystics_rori_harmon/headshot.png.approved,outputs/latest/review_files/athlete_image_approval_pack/downloads/washington_mystics/washington_mystics_rori_harmon__1643450.png,2026-06-15T20:58:37.866371+00:00,default
washington_mystics_darianna_littlepage_buggs,Darianna Littlepage-Buggs,washington_mystics,1643440,assets/leagues/wnba/athletes/washington_mystics_darianna_littlepage_buggs/headshot.png,assets/leagues/wnba/athletes/washington_mystics_darianna_littlepage_buggs/headshot.png.approved,outputs/latest/review_files/athlete_image_approval_pack/downloads/washington_mystics/washington_mystics_darianna_littlepage_buggs__1643440.png,2026-06-15T20:58:37.866837+00:00,default
washington_mystics_georgia_amoore,Georgia Amoore,washington_mystics,1642781,assets/leagues/wnba/athletes/washington_mystics_georgia_amoore/headshot.png,assets/leagues/wnba/athletes/washington_mystics_georgia_amoore/headshot.png.approved,outputs/latest/review_files/athlete_image_approval_pack/downloads/washington_mystics/washington_mystics_georgia_amoore__1642781.png,2026-06-15T20:58:37.867206+00:00,default
washington_mystics_michaela_onyenwere,Michaela Onyenwere,washington_mystics,1630446,assets/leagues/wnba/athletes/washington_mystics_michaela_onyenwere/headshot.png,assets/leagues/wnba/athletes/washington_mystics_michaela_onyenwere/headshot.png.approved,outputs/latest/review_files/athlete_image_approval_pack/downloads/washington_mystics/washington_mystics_michaela_onyenwere__1630446.png,2026-06-15T20:58:37.867581+00:00,default
washington_mystics_cassandre_prosper,Cassandre Prosper,washington_mystics,1643467,assets/leagues/wnba/athletes/washington_mystics_cassandre_prosper/headshot.png,assets/leagues/wnba/athletes/washington_mystics_cassandre_prosper/headshot.png.approved,outputs/latest/review_files/athlete_image_approval_pack/downloads/washington_mystics/washington_mystics_cassandre_prosper__1643467.png,2026-06-15T20:58:37.867945+00:00,default
washington_mystics_sonia_citron,Sonia Citron,washington_mystics,1642785,assets/leagues/wnba/athletes/washington_mystics_sonia_citron/headshot.png,assets/leagues/wnba/athletes/washington_mystics_sonia_citron/headshot.png.approved,outputs/latest/review_files/athlete_image_approval_pack/downloads/washington_mystics/washington_mystics_sonia_citron__1642785.png,2026-06-15T20:58:37.868305+00:00,default
washington_mystics_cotie_mcmahon,Cotie McMahon,washington_mystics,1643430,assets/leagues/wnba/athletes/washington_mystics_cotie_mcmahon/headshot.png,assets/leagues/wnba/athletes/washington_mystics_cotie_mcmahon/headshot.png.approved,outputs/latest/review_files/athlete_image_approval_pack/downloads/washington_mystics/washington_mystics_cotie_mcmahon__1643430.png,2026-06-15T20:58:37.868682+00:00,default
washington_mystics_angela_dugalic,Angela Dugalic,washington_mystics,1643455,assets/leagues/wnba/athletes/washington_mystics_angela_dugalic/headshot.png,assets/leagues/wnba/athletes/washington_mystics_angela_dugalic/headshot.png.approved,outputs/latest/review_files/athlete_image_approval_pack/downloads/washington_mystics/washington_mystics_angela_dugalic__1643455.png,2026-06-15T20:58:37.869040+00:00,default
washington_mystics_lucy_olsen,Lucy Olsen,washington_mystics,1642802,assets/leagues/wnba/athletes/washington_mystics_lucy_olsen/headshot.png,assets/leagues/wnba/athletes/washington_mystics_lucy_olsen/headshot.png.approved,outputs/latest/review_files/athlete_image_approval_pack/downloads/washington_mystics/washington_mystics_lucy_olsen__1642802.png,2026-06-15T20:58:37.869397+00:00,default
washington_mystics_kiki_iriafen,Kiki Iriafen,washington_mystics,1642792,assets/leagues/wnba/athletes/washington_mystics_kiki_iriafen/headshot.png,assets/leagues/wnba/athletes/washington_mystics_kiki_iriafen/headshot.png.approved,outputs/latest/review_files/athlete_image_approval_pack/downloads/washington_mystics/washington_mystics_kiki_iriafen__1642792.png,2026-06-15T20:58:37.869775+00:00,default
washington_mystics_lauren_betts,Lauren Betts,washington_mystics,1643427,assets/leagues/wnba/athletes/washington_mystics_lauren_betts/headshot.png,assets/leagues/wnba/athletes/washington_mystics_lauren_betts/headshot.png.approved,outputs/latest/review_files/athlete_image_approval_pack/downloads/washington_mystics/washington_mystics_lauren_betts__1643427.png,2026-06-15T20:58:37.870129+00:00,default
dallas_wings_odyssey_sims,Odyssey Sims,dallas_wings,203824,assets/leagues/wnba/athletes/dallas_wings_odyssey_sims/headshot.png,assets/leagues/wnba/athletes/dallas_wings_odyssey_sims/headshot.png.approved,outputs/latest/review_files/athlete_image_approval_pack/downloads/dallas_wings/dallas_wings_odyssey_sims__203824.png,2026-06-15T20:58:37.870488+00:00,default
dallas_wings_sug_sutton,Sug Sutton,dallas_wings,1630134,assets/leagues/wnba/athletes/dallas_wings_sug_sutton/headshot.png,assets/leagues/wnba/athletes/dallas_wings_sug_sutton/headshot.png.approved,outputs/latest/review_files/athlete_image_approval_pack/downloads/dallas_wings/dallas_wings_sug_sutton__1630134.png,2026-06-15T20:58:37.870859+00:00,default
dallas_wings_paige_bueckers,Paige Bueckers,dallas_wings,1642784,assets/leagues/wnba/athletes/dallas_wings_paige_bueckers/headshot.png,assets/leagues/wnba/athletes/dallas_wings_paige_bueckers/headshot.png.approved,outputs/latest/review_files/athlete_image_approval_pack/downloads/dallas_wings/dallas_wings_paige_bueckers__1642784.png,2026-06-15T20:58:37.871209+00:00,default
dallas_wings_costanza_verona,Costanza Verona,dallas_wings,1643424,assets/leagues/wnba/athletes/dallas_wings_costanza_verona/headshot.png,assets/leagues/wnba/athletes/dallas_wings_costanza_verona/headshot.png.approved,outputs/latest/review_files/athlete_image_approval_pack/downloads/dallas_wings/dallas_wings_costanza_verona__1643424.png,2026-06-15T20:58:37.871581+00:00,default
dallas_wings_alysha_clark,Alysha Clark,dallas_wings,202252,assets/leagues/wnba/athletes/dallas_wings_alysha_clark/headshot.png,assets/leagues/wnba/athletes/dallas_wings_alysha_clark/headshot.png.approved,outputs/latest/review_files/athlete_image_approval_pack/downloads/dallas_wings/dallas_wings_alysha_clark__202252.png,2026-06-15T20:58:37.871930+00:00,default
dallas_wings_alanna_smith,Alanna Smith,dallas_wings,1629501,assets/leagues/wnba/athletes/dallas_wings_alanna_smith/headshot.png,assets/leagues/wnba/athletes/dallas_wings_alanna_smith/headshot.png.approved,outputs/latest/review_files/athlete_image_approval_pack/downloads/dallas_wings/dallas_wings_alanna_smith__1629501.png,2026-06-15T20:58:37.872290+00:00,default
dallas_wings_aziaha_james,Aziaha James,dallas_wings,1642793,assets/leagues/wnba/athletes/dallas_wings_aziaha_james/headshot.png,assets/leagues/wnba/athletes/dallas_wings_aziaha_james/headshot.png.approved,outputs/latest/review_files/athlete_image_approval_pack/downloads/dallas_wings/dallas_wings_aziaha_james__1642793.png,2026-06-15T20:58:37.872660+00:00,default
dallas_wings_maddy_siegrist,Maddy Siegrist,dallas_wings,1641652,assets/leagues/wnba/athletes/dallas_wings_maddy_siegrist/headshot.png,assets/leagues/wnba/athletes/dallas_wings_maddy_siegrist/headshot.png.approved,outputs/latest/review_files/athlete_image_approval_pack/downloads/dallas_wings/dallas_wings_maddy_siegrist__1641652.png,2026-06-15T20:58:37.873019+00:00,default
dallas_wings_arike_ogunbowale,Arike Ogunbowale,dallas_wings,1629481,assets/leagues/wnba/athletes/dallas_wings_arike_ogunbowale/headshot.png,assets/leagues/wnba/athletes/dallas_wings_arike_ogunbowale/headshot.png.approved,outputs/latest/review_files/athlete_image_approval_pack/downloads/dallas_wings/dallas_wings_arike_ogunbowale__1629481.png,2026-06-15T20:58:37.873380+00:00,default
dallas_wings_li_yueru,Li Yueru,dallas_wings,1629574,assets/leagues/wnba/athletes/dallas_wings_li_yueru/headshot.png,assets/leagues/wnba/athletes/dallas_wings_li_yueru/headshot.png.approved,outputs/latest/review_files/athlete_image_approval_pack/downloads/dallas_wings/dallas_wings_li_yueru__1629574.png,2026-06-15T20:58:37.873758+00:00,default
dallas_wings_jessica_shepard,Jessica Shepard,dallas_wings,1629491,assets/leagues/wnba/athletes/dallas_wings_jessica_shepard/headshot.png,assets/leagues/wnba/athletes/dallas_wings_jessica_shepard/headshot.png.approved,outputs/latest/review_files/athlete_image_approval_pack/downloads/dallas_wings/dallas_wings_jessica_shepard__1629491.png,2026-06-15T20:58:37.874110+00:00,default
dallas_wings_awak_kuier,Awak Kuier,dallas_wings,1630386,assets/leagues/wnba/athletes/dallas_wings_awak_kuier/headshot.png,assets/leagues/wnba/athletes/dallas_wings_awak_kuier/headshot.png.approved,outputs/latest/review_files/athlete_image_approval_pack/downloads/dallas_wings/dallas_wings_awak_kuier__1630386.png,2026-06-15T20:58:37.874473+00:00,default
dallas_wings_azzi_fudd,Azzi Fudd,dallas_wings,1643425,assets/leagues/wnba/athletes/dallas_wings_azzi_fudd/headshot.png,assets/leagues/wnba/athletes/dallas_wings_azzi_fudd/headshot.png.approved,outputs/latest/review_files/athlete_image_approval_pack/downloads/dallas_wings/dallas_wings_azzi_fudd__1643425.png,2026-06-15T20:58:37.874849+00:00,default
golden_state_valkyries_gabby_williams,Gabby Williams,golden_state_valkyries,1628931,assets/leagues/wnba/athletes/golden_state_valkyries_gabby_williams/headshot.png,assets/leagues/wnba/athletes/golden_state_valkyries_gabby_williams/headshot.png.approved,outputs/latest/review_files/athlete_image_approval_pack/downloads/golden_state_valkyries/golden_state_valkyries_gabby_williams__1628931.png,2026-06-15T20:58:37.875288+00:00,default
golden_state_valkyries_kaitlyn_chen,Kaitlyn Chen,golden_state_valkyries,1642822,assets/leagues/wnba/athletes/golden_state_valkyries_kaitlyn_chen/headshot.png,assets/leagues/wnba/athletes/golden_state_valkyries_kaitlyn_chen/headshot.png.approved,outputs/latest/review_files/athlete_image_approval_pack/downloads/golden_state_valkyries/golden_state_valkyries_kaitlyn_chen__1642822.png,2026-06-15T20:58:37.875665+00:00,default
golden_state_valkyries_laeticia_amihere,Laeticia Amihere,golden_state_valkyries,1641656,assets/leagues/wnba/athletes/golden_state_valkyries_laeticia_amihere/headshot.png,assets/leagues/wnba/athletes/golden_state_valkyries_laeticia_amihere/headshot.png.approved,outputs/latest/review_files/athlete_image_approval_pack/downloads/golden_state_valkyries/golden_state_valkyries_laeticia_amihere__1641656.png,2026-06-15T20:58:37.876031+00:00,default
golden_state_valkyries_kayla_thornton,Kayla Thornton,golden_state_valkyries,203866,assets/leagues/wnba/athletes/golden_state_valkyries_kayla_thornton/headshot.png,assets/leagues/wnba/athletes/golden_state_valkyries_kayla_thornton/headshot.png.approved,outputs/latest/review_files/athlete_image_approval_pack/downloads/golden_state_valkyries/golden_state_valkyries_kayla_thornton__203866.png,2026-06-15T20:58:37.876402+00:00,default
golden_state_valkyries_kaila_charles,Kaila Charles,golden_state_valkyries,1630097,assets/leagues/wnba/athletes/golden_state_valkyries_kaila_charles/headshot.png,assets/leagues/wnba/athletes/golden_state_valkyries_kaila_charles/headshot.png.approved,outputs/latest/review_files/athlete_image_approval_pack/downloads/golden_state_valkyries/golden_state_valkyries_kaila_charles__1630097.png,2026-06-15T20:58:37.876770+00:00,default
golden_state_valkyries_miela_sowah,Miela Sowah,golden_state_valkyries,1631039,assets/leagues/wnba/athletes/golden_state_valkyries_miela_sowah/headshot.png,assets/leagues/wnba/athletes/golden_state_valkyries_miela_sowah/headshot.png.approved,outputs/latest/review_files/athlete_image_approval_pack/downloads/golden_state_valkyries/golden_state_valkyries_miela_sowah__1631039.png,2026-06-15T20:58:37.877124+00:00,default
golden_state_valkyries_ashten_prechtel,Ashten Prechtel,golden_state_valkyries,1641695,assets/leagues/wnba/athletes/golden_state_valkyries_ashten_prechtel/headshot.png,assets/leagues/wnba/athletes/golden_state_valkyries_ashten_prechtel/headshot.png.approved,outputs/latest/review_files/athlete_image_approval_pack/downloads/golden_state_valkyries/golden_state_valkyries_ashten_prechtel__1641695.png,2026-06-15T20:58:37.877491+00:00,default
golden_state_valkyries_iliana_rupert,Iliana Rupert,golden_state_valkyries,1630387,assets/leagues/wnba/athletes/golden_state_valkyries_iliana_rupert/headshot.png,assets/leagues/wnba/athletes/golden_state_valkyries_iliana_rupert/headshot.png.approved,outputs/latest/review_files/athlete_image_approval_pack/downloads/golden_state_valkyries/golden_state_valkyries_iliana_rupert__1630387.png,2026-06-15T20:58:37.877870+00:00,default
golden_state_valkyries_janelle_salaun,Janelle Salaun,golden_state_valkyries,1642767,assets/leagues/wnba/athletes/golden_state_valkyries_janelle_salaun/headshot.png,assets/leagues/wnba/athletes/golden_state_valkyries_janelle_salaun/headshot.png.approved,outputs/latest/review_files/athlete_image_approval_pack/downloads/golden_state_valkyries/golden_state_valkyries_janelle_salaun__1642767.png,2026-06-15T20:58:37.878223+00:00,default
golden_state_valkyries_tiffany_hayes,Tiffany Hayes,golden_state_valkyries,203026,assets/leagues/wnba/athletes/golden_state_valkyries_tiffany_hayes/headshot.png,assets/leagues/wnba/athletes/golden_state_valkyries_tiffany_hayes/headshot.png.approved,outputs/latest/review_files/athlete_image_approval_pack/downloads/golden_state_valkyries/golden_state_valkyries_tiffany_hayes__203026.png,2026-06-15T20:58:37.878587+00:00,default
golden_state_valkyries_veronica_burton,Veronica Burton,golden_state_valkyries,1631007,assets/leagues/wnba/athletes/golden_state_valkyries_veronica_burton/headshot.png,assets/leagues/wnba/athletes/golden_state_valkyries_veronica_burton/headshot.png.approved,outputs/latest/review_files/athlete_image_approval_pack/downloads/golden_state_valkyries/golden_state_valkyries_veronica_burton__1631007.png,2026-06-15T20:58:37.878940+00:00,default
golden_state_valkyries_cecilia_zandalasini,Cecilia Zandalasini,golden_state_valkyries,1628508,assets/leagues/wnba/athletes/golden_state_valkyries_cecilia_zandalasini/headshot.png,assets/leagues/wnba/athletes/golden_state_valkyries_cecilia_zandalasini/headshot.png.approved,outputs/latest/review_files/athlete_image_approval_pack/downloads/golden_state_valkyries/golden_state_valkyries_cecilia_zandalasini__1628508.png,2026-06-15T20:58:37.879292+00:00,default
golden_state_valkyries_kiah_stokes,Kiah Stokes,golden_state_valkyries,204329,assets/leagues/wnba/athletes/golden_state_valkyries_kiah_stokes/headshot.png,assets/leagues/wnba/athletes/golden_state_valkyries_kiah_stokes/headshot.png.approved,outputs/latest/review_files/athlete_image_approval_pack/downloads/golden_state_valkyries/golden_state_valkyries_kiah_stokes__204329.png,2026-06-15T20:58:37.879668+00:00,default
las_vegas_aces_jackie_young,Jackie Young,las_vegas_aces,1629498,assets/leagues/wnba/athletes/las_vegas_aces_jackie_young/headshot.png,assets/leagues/wnba/athletes/las_vegas_aces_jackie_young/headshot.png.approved,outputs/latest/review_files/athlete_image_approval_pack/downloads/las_vegas_aces/las_vegas_aces_jackie_young__1629498.png,2026-06-15T20:58:37.880038+00:00,default
las_vegas_aces_kierstan_bell,Kierstan Bell,las_vegas_aces,1631006,assets/leagues/wnba/athletes/las_vegas_aces_kierstan_bell/headshot.png,assets/leagues/wnba/athletes/las_vegas_aces_kierstan_bell/headshot.png.approved,outputs/latest/review_files/athlete_image_approval_pack/downloads/las_vegas_aces/las_vegas_aces_kierstan_bell__1631006.png,2026-06-15T20:58:37.880389+00:00,default
las_vegas_aces_janiah_barker,Janiah Barker,las_vegas_aces,1643434,assets/leagues/wnba/athletes/las_vegas_aces_janiah_barker/headshot.png,assets/leagues/wnba/athletes/las_vegas_aces_janiah_barker/headshot.png.approved,outputs/latest/review_files/athlete_image_approval_pack/downloads/las_vegas_aces/las_vegas_aces_janiah_barker__1643434.png,2026-06-15T20:58:37.880764+00:00,default
las_vegas_aces_nalyssa_smith,NaLyssa Smith,las_vegas_aces,1631019,assets/leagues/wnba/athletes/las_vegas_aces_nalyssa_smith/headshot.png,assets/leagues/wnba/athletes/las_vegas_aces_nalyssa_smith/headshot.png.approved,outputs/latest/review_files/athlete_image_approval_pack/downloads/las_vegas_aces/las_vegas_aces_nalyssa_smith__1631019.png,2026-06-15T20:58:37.881117+00:00,default
las_vegas_aces_stephanie_talbot,Stephanie Talbot,las_vegas_aces,203855,assets/leagues/wnba/athletes/las_vegas_aces_stephanie_talbot/headshot.png,assets/leagues/wnba/athletes/las_vegas_aces_stephanie_talbot/headshot.png.approved,outputs/latest/review_files/athlete_image_approval_pack/downloads/las_vegas_aces/las_vegas_aces_stephanie_talbot__203855.png,2026-06-15T20:58:37.881473+00:00,default
las_vegas_aces_dana_evans,Dana Evans,las_vegas_aces,1630389,assets/leagues/wnba/athletes/las_vegas_aces_dana_evans/headshot.png,assets/leagues/wnba/athletes/las_vegas_aces_dana_evans/headshot.png.approved,outputs/latest/review_files/athlete_image_approval_pack/downloads/las_vegas_aces/las_vegas_aces_dana_evans__1630389.png,2026-06-15T20:58:37.881857+00:00,default
las_vegas_aces_chelsea_gray,Chelsea Gray,las_vegas_aces,203833,assets/leagues/wnba/athletes/las_vegas_aces_chelsea_gray/headshot.png,assets/leagues/wnba/athletes/las_vegas_aces_chelsea_gray/headshot.png.approved,outputs/latest/review_files/athlete_image_approval_pack/downloads/las_vegas_aces/las_vegas_aces_chelsea_gray__203833.png,2026-06-15T20:58:37.882211+00:00,default
las_vegas_aces_brianna_turner,Brianna Turner,las_vegas_aces,1629488,assets/leagues/wnba/athletes/las_vegas_aces_brianna_turner/headshot.png,assets/leagues/wnba/athletes/las_vegas_aces_brianna_turner/headshot.png.approved,outputs/latest/review_files/athlete_image_approval_pack/downloads/las_vegas_aces/las_vegas_aces_brianna_turner__1629488.png,2026-06-15T20:58:37.882583+00:00,default
las_vegas_aces_a_ja_wilson,A'ja Wilson,las_vegas_aces,1628932,assets/leagues/wnba/athletes/las_vegas_aces_a_ja_wilson/headshot.png,assets/leagues/wnba/athletes/las_vegas_aces_a_ja_wilson/headshot.png.approved,outputs/latest/review_files/athlete_image_approval_pack/downloads/las_vegas_aces/las_vegas_aces_a_ja_wilson__1628932.png,2026-06-15T20:58:37.882944+00:00,default
las_vegas_aces_chennedy_carter,Chennedy Carter,las_vegas_aces,1630150,assets/leagues/wnba/athletes/las_vegas_aces_chennedy_carter/headshot.png,assets/leagues/wnba/athletes/las_vegas_aces_chennedy_carter/headshot.png.approved,outputs/latest/review_files/athlete_image_approval_pack/downloads/las_vegas_aces/las_vegas_aces_chennedy_carter__1630150.png,2026-06-15T20:58:37.883309+00:00,default
las_vegas_aces_jewell_loyd,Jewell Loyd,las_vegas_aces,204319,assets/leagues/wnba/athletes/las_vegas_aces_jewell_loyd/headshot.png,assets/leagues/wnba/athletes/las_vegas_aces_jewell_loyd/headshot.png.approved,outputs/latest/review_files/athlete_image_approval_pack/downloads/las_vegas_aces/las_vegas_aces_jewell_loyd__204319.png,2026-06-15T20:58:37.883755+00:00,default
las_vegas_aces_cheyenne_parker_tyus,Cheyenne Parker-Tyus,las_vegas_aces,204323,assets/leagues/wnba/athletes/las_vegas_aces_cheyenne_parker_tyus/headshot.png,assets/leagues/wnba/athletes/las_vegas_aces_cheyenne_parker_tyus/headshot.png.approved,outputs/latest/review_files/athlete_image_approval_pack/downloads/las_vegas_aces/las_vegas_aces_cheyenne_parker_tyus__204323.png,2026-06-15T20:58:37.884126+00:00,default
los_angeles_sparks_ta_niya_latson,Ta'Niya Latson,los_angeles_sparks,1643444,assets/leagues/wnba/athletes/los_angeles_sparks_ta_niya_latson/headshot.png,assets/leagues/wnba/athletes/los_angeles_sparks_ta_niya_latson/headshot.png.approved,outputs/latest/review_files/athlete_image_approval_pack/downloads/los_angeles_sparks/los_angeles_sparks_ta_niya_latson__1643444.png,2026-06-15T20:58:37.884486+00:00,default
los_angeles_sparks_chance_gray,Chance Gray,los_angeles_sparks,1643462,assets/leagues/wnba/athletes/los_angeles_sparks_chance_gray/headshot.png,assets/leagues/wnba/athletes/los_angeles_sparks_chance_gray/headshot.png.approved,outputs/latest/review_files/athlete_image_approval_pack/downloads/los_angeles_sparks/los_angeles_sparks_chance_gray__1643462.png,2026-06-15T20:58:37.884856+00:00,default
los_angeles_sparks_laura_ziegler,Laura Ziegler,los_angeles_sparks,1643461,assets/leagues/wnba/athletes/los_angeles_sparks_laura_ziegler/headshot.png,assets/leagues/wnba/athletes/los_angeles_sparks_laura_ziegler/headshot.png.approved,outputs/latest/review_files/athlete_image_approval_pack/downloads/los_angeles_sparks/los_angeles_sparks_laura_ziegler__1643461.png,2026-06-15T20:58:37.885210+00:00,default
los_angeles_sparks_dearica_hamby,Dearica Hamby,los_angeles_sparks,204324,assets/leagues/wnba/athletes/los_angeles_sparks_dearica_hamby/headshot.png,assets/leagues/wnba/athletes/los_angeles_sparks_dearica_hamby/headshot.png.approved,outputs/latest/review_files/athlete_image_approval_pack/downloads/los_angeles_sparks/los_angeles_sparks_dearica_hamby__204324.png,2026-06-15T20:58:37.885581+00:00,default
los_angeles_sparks_jihyun_park,Jihyun Park,los_angeles_sparks,1630148,assets/leagues/wnba/athletes/los_angeles_sparks_jihyun_park/headshot.png,assets/leagues/wnba/athletes/los_angeles_sparks_jihyun_park/headshot.png.approved,outputs/latest/review_files/athlete_image_approval_pack/downloads/los_angeles_sparks/los_angeles_sparks_jihyun_park__1630148.png,2026-06-15T20:58:37.885899+00:00,default
los_angeles_sparks_ariel_atkins,Ariel Atkins,los_angeles_sparks,1628878,assets/leagues/wnba/athletes/los_angeles_sparks_ariel_atkins/headshot.png,assets/leagues/wnba/athletes/los_angeles_sparks_ariel_atkins/headshot.png.approved,outputs/latest/review_files/athlete_image_approval_pack/downloads/los_angeles_sparks/los_angeles_sparks_ariel_atkins__1628878.png,2026-06-15T20:58:37.886253+00:00,default
los_angeles_sparks_kelsey_plum,Kelsey Plum,los_angeles_sparks,1628276,assets/leagues/wnba/athletes/los_angeles_sparks_kelsey_plum/headshot.png,assets/leagues/wnba/athletes/los_angeles_sparks_kelsey_plum/headshot.png.approved,outputs/latest/review_files/athlete_image_approval_pack/downloads/los_angeles_sparks/los_angeles_sparks_kelsey_plum__1628276.png,2026-06-15T20:58:37.886619+00:00,default
los_angeles_sparks_rae_burrell,Rae Burrell,los_angeles_sparks,1630996,assets/leagues/wnba/athletes/los_angeles_sparks_rae_burrell/headshot.png,assets/leagues/wnba/athletes/los_angeles_sparks_rae_burrell/headshot.png.approved,outputs/latest/review_files/athlete_image_approval_pack/downloads/los_angeles_sparks/los_angeles_sparks_rae_burrell__1630996.png,2026-06-15T20:58:37.886979+00:00,default
los_angeles_sparks_erica_wheeler,Erica Wheeler,los_angeles_sparks,204365,assets/leagues/wnba/athletes/los_angeles_sparks_erica_wheeler/headshot.png,assets/leagues/wnba/athletes/los_angeles_sparks_erica_wheeler/headshot.png.approved,outputs/latest/review_files/athlete_image_approval_pack/downloads/los_angeles_sparks/los_angeles_sparks_erica_wheeler__204365.png,2026-06-15T20:58:37.887343+00:00,default
los_angeles_sparks_sania_feagin,Sania Feagin,los_angeles_sparks,1642790,assets/leagues/wnba/athletes/los_angeles_sparks_sania_feagin/headshot.png,assets/leagues/wnba/athletes/los_angeles_sparks_sania_feagin/headshot.png.approved,outputs/latest/review_files/athlete_image_approval_pack/downloads/los_angeles_sparks/los_angeles_sparks_sania_feagin__1642790.png,2026-06-15T20:58:37.887709+00:00,default
los_angeles_sparks_kate_martin,Kate Martin,los_angeles_sparks,1642324,assets/leagues/wnba/athletes/los_angeles_sparks_kate_martin/headshot.png,assets/leagues/wnba/athletes/los_angeles_sparks_kate_martin/headshot.png.approved,outputs/latest/review_files/athlete_image_approval_pack/downloads/los_angeles_sparks/los_angeles_sparks_kate_martin__1642324.png,2026-06-15T20:58:37.888055+00:00,default
los_angeles_sparks_cameron_brink,Cameron Brink,los_angeles_sparks,1642287,assets/leagues/wnba/athletes/los_angeles_sparks_cameron_brink/headshot.png,assets/leagues/wnba/athletes/los_angeles_sparks_cameron_brink/headshot.png.approved,outputs/latest/review_files/athlete_image_approval_pack/downloads/los_angeles_sparks/los_angeles_sparks_cameron_brink__1642287.png,2026-06-15T20:58:37.888399+00:00,default
los_angeles_sparks_nneka_ogwumike,Nneka Ogwumike,los_angeles_sparks,203014,assets/leagues/wnba/athletes/los_angeles_sparks_nneka_ogwumike/headshot.png,assets/leagues/wnba/athletes/los_angeles_sparks_nneka_ogwumike/headshot.png.approved,outputs/latest/review_files/athlete_image_approval_pack/downloads/los_angeles_sparks/los_angeles_sparks_nneka_ogwumike__203014.png,2026-06-15T20:58:37.888761+00:00,default
los_angeles_sparks_emma_cannon,Emma Cannon,los_angeles_sparks,1628242,assets/leagues/wnba/athletes/los_angeles_sparks_emma_cannon/headshot.png,assets/leagues/wnba/athletes/los_angeles_sparks_emma_cannon/headshot.png.approved,outputs/latest/review_files/athlete_image_approval_pack/downloads/los_angeles_sparks/los_angeles_sparks_emma_cannon__1628242.png,2026-06-15T20:58:37.889111+00:00,default
minnesota_lynx_natasha_howard,Natasha Howard,minnesota_lynx,203827,assets/leagues/wnba/athletes/minnesota_lynx_natasha_howard/headshot.png,assets/leagues/wnba/athletes/minnesota_lynx_natasha_howard/headshot.png.approved,outputs/latest/review_files/athlete_image_approval_pack/downloads/minnesota_lynx/minnesota_lynx_natasha_howard__203827.png,2026-06-15T20:58:37.889476+00:00,default
minnesota_lynx_liatu_king,Liatu King,minnesota_lynx,1642820,assets/leagues/wnba/athletes/minnesota_lynx_liatu_king/headshot.png,assets/leagues/wnba/athletes/minnesota_lynx_liatu_king/headshot.png.approved,outputs/latest/review_files/athlete_image_approval_pack/downloads/minnesota_lynx/minnesota_lynx_liatu_king__1642820.png,2026-06-15T20:58:37.889852+00:00,default
minnesota_lynx_maya_caldwell,Maya Caldwell,minnesota_lynx,1630471,assets/leagues/wnba/athletes/minnesota_lynx_maya_caldwell/headshot.png,assets/leagues/wnba/athletes/minnesota_lynx_maya_caldwell/headshot.png.approved,outputs/latest/review_files/athlete_image_approval_pack/downloads/minnesota_lynx/minnesota_lynx_maya_caldwell__1630471.png,2026-06-15T20:58:37.890212+00:00,default
minnesota_lynx_olivia_miles,Olivia Miles,minnesota_lynx,1643426,assets/leagues/wnba/athletes/minnesota_lynx_olivia_miles/headshot.png,assets/leagues/wnba/athletes/minnesota_lynx_olivia_miles/headshot.png.approved,outputs/latest/review_files/athlete_image_approval_pack/downloads/minnesota_lynx/minnesota_lynx_olivia_miles__1643426.png,2026-06-15T20:58:37.890583+00:00,default
minnesota_lynx_anastasiia_olairi_kosu,Anastasiia Olairi Kosu,minnesota_lynx,1642797,assets/leagues/wnba/athletes/minnesota_lynx_anastasiia_olairi_kosu/headshot.png,assets/leagues/wnba/athletes/minnesota_lynx_anastasiia_olairi_kosu/headshot.png.approved,outputs/latest/review_files/athlete_image_approval_pack/downloads/minnesota_lynx/minnesota_lynx_anastasiia_olairi_kosu__1642797.png,2026-06-15T20:58:37.890936+00:00,default
minnesota_lynx_antonia_delaere,Antonia Delaere,minnesota_lynx,1643489,assets/leagues/wnba/athletes/minnesota_lynx_antonia_delaere/headshot.png,assets/leagues/wnba/athletes/minnesota_lynx_antonia_delaere/headshot.png.approved,outputs/latest/review_files/athlete_image_approval_pack/downloads/minnesota_lynx/minnesota_lynx_antonia_delaere__1643489.png,2026-06-15T20:58:37.891290+00:00,default
minnesota_lynx_courtney_williams,Courtney Williams,minnesota_lynx,1627675,assets/leagues/wnba/athletes/minnesota_lynx_courtney_williams/headshot.png,assets/leagues/wnba/athletes/minnesota_lynx_courtney_williams/headshot.png.approved,outputs/latest/review_files/athlete_image_approval_pack/downloads/minnesota_lynx/minnesota_lynx_courtney_williams__1627675.png,2026-06-15T20:58:37.891659+00:00,default
minnesota_lynx_eliska_hamzova,Eliska Hamzova,minnesota_lynx,1643490,assets/leagues/wnba/athletes/minnesota_lynx_eliska_hamzova/headshot.png,assets/leagues/wnba/athletes/minnesota_lynx_eliska_hamzova/headshot.png.approved,outputs/latest/review_files/athlete_image_approval_pack/downloads/minnesota_lynx/minnesota_lynx_eliska_hamzova__1643490.png,2026-06-15T20:58:37.892096+00:00,default
minnesota_lynx_nia_coffey,Nia Coffey,minnesota_lynx,1628269,assets/leagues/wnba/athletes/minnesota_lynx_nia_coffey/headshot.png,assets/leagues/wnba/athletes/minnesota_lynx_nia_coffey/headshot.png.approved,outputs/latest/review_files/athlete_image_approval_pack/downloads/minnesota_lynx/minnesota_lynx_nia_coffey__1628269.png,2026-06-15T20:58:37.892450+00:00,default
minnesota_lynx_dorka_juhasz,Dorka Juhasz,minnesota_lynx,1641657,assets/leagues/wnba/athletes/minnesota_lynx_dorka_juhasz/headshot.png,assets/leagues/wnba/athletes/minnesota_lynx_dorka_juhasz/headshot.png.approved,outputs/latest/review_files/athlete_image_approval_pack/downloads/minnesota_lynx/minnesota_lynx_dorka_juhasz__1641657.png,2026-06-15T20:58:37.892825+00:00,default
minnesota_lynx_teaira_mccowan,Teaira McCowan,minnesota_lynx,1629479,assets/leagues/wnba/athletes/minnesota_lynx_teaira_mccowan/headshot.png,assets/leagues/wnba/athletes/minnesota_lynx_teaira_mccowan/headshot.png.approved,outputs/latest/review_files/athlete_image_approval_pack/downloads/minnesota_lynx/minnesota_lynx_teaira_mccowan__1629479.png,2026-06-15T20:58:37.893180+00:00,default
minnesota_lynx_kayla_mcbride,Kayla McBride,minnesota_lynx,203825,assets/leagues/wnba/athletes/minnesota_lynx_kayla_mcbride/headshot.png,assets/leagues/wnba/athletes/minnesota_lynx_kayla_mcbride/headshot.png.approved,outputs/latest/review_files/athlete_image_approval_pack/downloads/minnesota_lynx/minnesota_lynx_kayla_mcbride__203825.png,2026-06-15T20:58:37.893531+00:00,default
minnesota_lynx_emma_cechova,Emma Cechova,minnesota_lynx,1643488,assets/leagues/wnba/athletes/minnesota_lynx_emma_cechova/headshot.png,assets/leagues/wnba/athletes/minnesota_lynx_emma_cechova/headshot.png.approved,outputs/latest/review_files/athlete_image_approval_pack/downloads/minnesota_lynx/minnesota_lynx_emma_cechova__1643488.png,2026-06-15T20:58:37.893898+00:00,default
minnesota_lynx_napheesa_collier,Napheesa Collier,minnesota_lynx,1629483,assets/leagues/wnba/athletes/minnesota_lynx_napheesa_collier/headshot.png,assets/leagues/wnba/athletes/minnesota_lynx_napheesa_collier/headshot.png.approved,outputs/latest/review_files/athlete_image_approval_pack/downloads/minnesota_lynx/minnesota_lynx_napheesa_collier__1629483.png,2026-06-15T20:58:37.894263+00:00,default
phoenix_mercury_kahleah_copper,Kahleah Copper,phoenix_mercury,1643493,assets/leagues/wnba/athletes/phoenix_mercury_kahleah_copper/headshot.png,assets/leagues/wnba/athletes/phoenix_mercury_kahleah_copper/headshot.png.approved,outputs/latest/review_files/athlete_image_approval_pack/downloads/phoenix_mercury/phoenix_mercury_kahleah_copper__1643493.png,2026-06-15T20:58:37.894638+00:00,default
phoenix_mercury_natasha_mack,Natasha Mack,phoenix_mercury,1627674,assets/leagues/wnba/athletes/phoenix_mercury_natasha_mack/headshot.png,assets/leagues/wnba/athletes/phoenix_mercury_natasha_mack/headshot.png.approved,outputs/latest/review_files/athlete_image_approval_pack/downloads/phoenix_mercury/phoenix_mercury_natasha_mack__1627674.png,2026-06-15T20:58:37.895008+00:00,default
phoenix_mercury_monique_akoa_makani,Monique Akoa Makani,phoenix_mercury,1630442,assets/leagues/wnba/athletes/phoenix_mercury_monique_akoa_makani/headshot.png,assets/leagues/wnba/athletes/phoenix_mercury_monique_akoa_makani/headshot.png.approved,outputs/latest/review_files/athlete_image_approval_pack/downloads/phoenix_mercury/phoenix_mercury_monique_akoa_makani__1630442.png,2026-06-15T20:58:37.895366+00:00,default
phoenix_mercury_valeriane_ayayi,Valeriane Ayayi,phoenix_mercury,1642777,assets/leagues/wnba/athletes/phoenix_mercury_valeriane_ayayi/headshot.png,assets/leagues/wnba/athletes/phoenix_mercury_valeriane_ayayi/headshot.png.approved,outputs/latest/review_files/athlete_image_approval_pack/downloads/phoenix_mercury/phoenix_mercury_valeriane_ayayi__1642777.png,2026-06-15T20:58:37.895735+00:00,default
phoenix_mercury_lexi_held,Lexi Held,phoenix_mercury,204468,assets/leagues/wnba/athletes/phoenix_mercury_lexi_held/headshot.png,assets/leagues/wnba/athletes/phoenix_mercury_lexi_held/headshot.png.approved,outputs/latest/review_files/athlete_image_approval_pack/downloads/phoenix_mercury/phoenix_mercury_lexi_held__204468.png,2026-06-15T20:58:37.896092+00:00,default
phoenix_mercury_quionche_carter,Quionche Carter,phoenix_mercury,1631118,assets/leagues/wnba/athletes/phoenix_mercury_quionche_carter/headshot.png,assets/leagues/wnba/athletes/phoenix_mercury_quionche_carter/headshot.png.approved,outputs/latest/review_files/athlete_image_approval_pack/downloads/phoenix_mercury/phoenix_mercury_quionche_carter__1631118.png,2026-06-15T20:58:37.896448+00:00,default
phoenix_mercury_kiana_williams,Kiana Williams,phoenix_mercury,1643487,assets/leagues/wnba/athletes/phoenix_mercury_kiana_williams/headshot.png,assets/leagues/wnba/athletes/phoenix_mercury_kiana_williams/headshot.png.approved,outputs/latest/review_files/athlete_image_approval_pack/downloads/phoenix_mercury/phoenix_mercury_kiana_williams__1643487.png,2026-06-15T20:58:37.896811+00:00,default
phoenix_mercury_alyssa_thomas,Alyssa Thomas,phoenix_mercury,1630461,assets/leagues/wnba/athletes/phoenix_mercury_alyssa_thomas/headshot.png,assets/leagues/wnba/athletes/phoenix_mercury_alyssa_thomas/headshot.png.approved,outputs/latest/review_files/athlete_image_approval_pack/downloads/phoenix_mercury/phoenix_mercury_alyssa_thomas__1630461.png,2026-06-15T20:58:37.897172+00:00,default
phoenix_mercury_jovana_nogic,Jovana Nogic,phoenix_mercury,201886,assets/leagues/wnba/athletes/phoenix_mercury_jovana_nogic/headshot.png,assets/leagues/wnba/athletes/phoenix_mercury_jovana_nogic/headshot.png.approved,outputs/latest/review_files/athlete_image_approval_pack/downloads/phoenix_mercury/phoenix_mercury_jovana_nogic__201886.png,2026-06-15T20:58:37.897528+00:00,default
phoenix_mercury_kyara_linskens,Kyara Linskens,phoenix_mercury,203826,assets/leagues/wnba/athletes/phoenix_mercury_kyara_linskens/headshot.png,assets/leagues/wnba/athletes/phoenix_mercury_kyara_linskens/headshot.png.approved,outputs/latest/review_files/athlete_image_approval_pack/downloads/phoenix_mercury/phoenix_mercury_kyara_linskens__203826.png,2026-06-15T20:58:37.897911+00:00,default
phoenix_mercury_sami_whitcomb,Sami Whitcomb,phoenix_mercury,1643505,assets/leagues/wnba/athletes/phoenix_mercury_sami_whitcomb/headshot.png,assets/leagues/wnba/athletes/phoenix_mercury_sami_whitcomb/headshot.png.approved,outputs/latest/review_files/athlete_image_approval_pack/downloads/phoenix_mercury/phoenix_mercury_sami_whitcomb__1643505.png,2026-06-15T20:58:37.898261+00:00,default
phoenix_mercury_marta_suarez,Marta Suarez,phoenix_mercury,1642768,assets/leagues/wnba/athletes/phoenix_mercury_marta_suarez/headshot.png,assets/leagues/wnba/athletes/phoenix_mercury_marta_suarez/headshot.png.approved,outputs/latest/review_files/athlete_image_approval_pack/downloads/phoenix_mercury/phoenix_mercury_marta_suarez__1642768.png,2026-06-15T20:58:37.898636+00:00,default
portland_fire_carla_leite,Carla Leite,portland_fire,1642304,assets/leagues/wnba/athletes/portland_fire_carla_leite/headshot.png,assets/leagues/wnba/athletes/portland_fire_carla_leite/headshot.png.approved,outputs/latest/review_files/athlete_image_approval_pack/downloads/portland_fire/portland_fire_carla_leite__1642304.png,2026-06-15T20:58:37.899005+00:00,default
portland_fire_jordan_harrison,Jordan Harrison,portland_fire,1643527,assets/leagues/wnba/athletes/portland_fire_jordan_harrison/headshot.png,assets/leagues/wnba/athletes/portland_fire_jordan_harrison/headshot.png.approved,outputs/latest/review_files/athlete_image_approval_pack/downloads/portland_fire/portland_fire_jordan_harrison__1643527.png,2026-06-15T20:58:37.899352+00:00,default
portland_fire_sarah_ashlee_barker,Sarah Ashlee Barker,portland_fire,1642782,assets/leagues/wnba/athletes/portland_fire_sarah_ashlee_barker/headshot.png,assets/leagues/wnba/athletes/portland_fire_sarah_ashlee_barker/headshot.png.approved,outputs/latest/review_files/athlete_image_approval_pack/downloads/portland_fire/portland_fire_sarah_ashlee_barker__1642782.png,2026-06-15T20:58:37.899729+00:00,default
portland_fire_bridget_carleton,Bridget Carleton,portland_fire,1629524,assets/leagues/wnba/athletes/portland_fire_bridget_carleton/headshot.png,assets/leagues/wnba/athletes/portland_fire_bridget_carleton/headshot.png.approved,outputs/latest/review_files/athlete_image_approval_pack/downloads/portland_fire/portland_fire_bridget_carleton__1629524.png,2026-06-15T20:58:37.900082+00:00,default
portland_fire_teja_oblak,Teja Oblak,portland_fire,1643506,assets/leagues/wnba/athletes/portland_fire_teja_oblak/headshot.png,assets/leagues/wnba/athletes/portland_fire_teja_oblak/headshot.png.approved,outputs/latest/review_files/athlete_image_approval_pack/downloads/portland_fire/portland_fire_teja_oblak__1643506.png,2026-06-15T20:58:37.900511+00:00,default
portland_fire_nyadiew_puoch,Nyadiew Puoch,portland_fire,1642296,assets/leagues/wnba/athletes/portland_fire_nyadiew_puoch/headshot.png,assets/leagues/wnba/athletes/portland_fire_nyadiew_puoch/headshot.png.approved,outputs/latest/review_files/athlete_image_approval_pack/downloads/portland_fire/portland_fire_nyadiew_puoch__1642296.png,2026-06-15T20:58:37.900900+00:00,default
portland_fire_luisa_geiselsoder,Luisa Geiselsoder,portland_fire,1630143,assets/leagues/wnba/athletes/portland_fire_luisa_geiselsoder/headshot.png,assets/leagues/wnba/athletes/portland_fire_luisa_geiselsoder/headshot.png.approved,outputs/latest/review_files/athlete_image_approval_pack/downloads/portland_fire/portland_fire_luisa_geiselsoder__1630143.png,2026-06-15T20:58:37.901261+00:00,default
portland_fire_megan_gustafson,Megan Gustafson,portland_fire,1629484,assets/leagues/wnba/athletes/portland_fire_megan_gustafson/headshot.png,assets/leagues/wnba/athletes/portland_fire_megan_gustafson/headshot.png.approved,outputs/latest/review_files/athlete_image_approval_pack/downloads/portland_fire/portland_fire_megan_gustafson__1629484.png,2026-06-15T20:58:37.901664+00:00,default
portland_fire_frieda_buhner,Frieda Buhner,portland_fire,1643494,assets/leagues/wnba/athletes/portland_fire_frieda_buhner/headshot.png,assets/leagues/wnba/athletes/portland_fire_frieda_buhner/headshot.png.approved,outputs/latest/review_files/athlete_image_approval_pack/downloads/portland_fire/portland_fire_frieda_buhner__1643494.png,2026-06-15T20:58:37.902040+00:00,default
portland_fire_emily_engstler,Emily Engstler,portland_fire,1631083,assets/leagues/wnba/athletes/portland_fire_emily_engstler/headshot.png,assets/leagues/wnba/athletes/portland_fire_emily_engstler/headshot.png.approved,outputs/latest/review_files/athlete_image_approval_pack/downloads/portland_fire/portland_fire_emily_engstler__1631083.png,2026-06-15T20:58:37.902398+00:00,default
portland_fire_serah_williams,Serah Williams,portland_fire,1643436,assets/leagues/wnba/athletes/portland_fire_serah_williams/headshot.png,assets/leagues/wnba/athletes/portland_fire_serah_williams/headshot.png.approved,outputs/latest/review_files/athlete_image_approval_pack/downloads/portland_fire/portland_fire_serah_williams__1643436.png,2026-06-15T20:58:37.902779+00:00,default
portland_fire_karlie_samuelson,Karlie Samuelson,portland_fire,1628317,assets/leagues/wnba/athletes/portland_fire_karlie_samuelson/headshot.png,assets/leagues/wnba/athletes/portland_fire_karlie_samuelson/headshot.png.approved,outputs/latest/review_files/athlete_image_approval_pack/downloads/portland_fire/portland_fire_karlie_samuelson__1628317.png,2026-06-15T20:58:37.903141+00:00,default
portland_fire_holly_winterburn,Holly Winterburn,portland_fire,1641683,assets/leagues/wnba/athletes/portland_fire_holly_winterburn/headshot.png,assets/leagues/wnba/athletes/portland_fire_holly_winterburn/headshot.png.approved,outputs/latest/review_files/athlete_image_approval_pack/downloads/portland_fire/portland_fire_holly_winterburn__1641683.png,2026-06-15T20:58:37.903489+00:00,default
seattle_storm_natisha_hiedeman,Natisha Hiedeman,seattle_storm,1629567,assets/leagues/wnba/athletes/seattle_storm_natisha_hiedeman/headshot.png,assets/leagues/wnba/athletes/seattle_storm_natisha_hiedeman/headshot.png.approved,outputs/latest/review_files/athlete_image_approval_pack/downloads/seattle_storm/seattle_storm_natisha_hiedeman__1629567.png,2026-06-15T20:58:37.903858+00:00,default
seattle_storm_flau_jae_johnson,Flau'jae Johnson,seattle_storm,1643428,assets/leagues/wnba/athletes/seattle_storm_flau_jae_johnson/headshot.png,assets/leagues/wnba/athletes/seattle_storm_flau_jae_johnson/headshot.png.approved,outputs/latest/review_files/athlete_image_approval_pack/downloads/seattle_storm/seattle_storm_flau_jae_johnson__1643428.png,2026-06-15T20:58:37.904222+00:00,default
seattle_storm_taylor_thierry,Taylor Thierry,seattle_storm,1642814,assets/leagues/wnba/athletes/seattle_storm_taylor_thierry/headshot.png,assets/leagues/wnba/athletes/seattle_storm_taylor_thierry/headshot.png.approved,outputs/latest/review_files/athlete_image_approval_pack/downloads/seattle_storm/seattle_storm_taylor_thierry__1642814.png,2026-06-15T20:58:37.904592+00:00,default
seattle_storm_jade_melbourne,Jade Melbourne,seattle_storm,1631141,assets/leagues/wnba/athletes/seattle_storm_jade_melbourne/headshot.png,assets/leagues/wnba/athletes/seattle_storm_jade_melbourne/headshot.png.approved,outputs/latest/review_files/athlete_image_approval_pack/downloads/seattle_storm/seattle_storm_jade_melbourne__1631141.png,2026-06-15T20:58:37.904947+00:00,default
seattle_storm_zia_cooke,Zia Cooke,seattle_storm,1641660,assets/leagues/wnba/athletes/seattle_storm_zia_cooke/headshot.png,assets/leagues/wnba/athletes/seattle_storm_zia_cooke/headshot.png.approved,outputs/latest/review_files/athlete_image_approval_pack/downloads/seattle_storm/seattle_storm_zia_cooke__1641660.png,2026-06-15T20:58:37.905311+00:00,default
seattle_storm_awa_fam,Awa Fam,seattle_storm,1643443,assets/leagues/wnba/athletes/seattle_storm_awa_fam/headshot.png,assets/leagues/wnba/athletes/seattle_storm_awa_fam/headshot.png.approved,outputs/latest/review_files/athlete_image_approval_pack/downloads/seattle_storm/seattle_storm_awa_fam__1643443.png,2026-06-15T20:58:37.905698+00:00,default
seattle_storm_ezi_magbegor,Ezi Magbegor,seattle_storm,1629496,assets/leagues/wnba/athletes/seattle_storm_ezi_magbegor/headshot.png,assets/leagues/wnba/athletes/seattle_storm_ezi_magbegor/headshot.png.approved,outputs/latest/review_files/athlete_image_approval_pack/downloads/seattle_storm/seattle_storm_ezi_magbegor__1629496.png,2026-06-15T20:58:37.906059+00:00,default
seattle_storm_dominique_malonga,Dominique Malonga,seattle_storm,1642798,assets/leagues/wnba/athletes/seattle_storm_dominique_malonga/headshot.png,assets/leagues/wnba/athletes/seattle_storm_dominique_malonga/headshot.png.approved,outputs/latest/review_files/athlete_image_approval_pack/downloads/seattle_storm/seattle_storm_dominique_malonga__1642798.png,2026-06-15T20:58:37.906423+00:00,default
seattle_storm_taina_mair,Taina Mair,seattle_storm,1643473,assets/leagues/wnba/athletes/seattle_storm_taina_mair/headshot.png,assets/leagues/wnba/athletes/seattle_storm_taina_mair/headshot.png.approved,outputs/latest/review_files/athlete_image_approval_pack/downloads/seattle_storm/seattle_storm_taina_mair__1643473.png,2026-06-15T20:58:37.906793+00:00,default
seattle_storm_jordan_horston,Jordan Horston,seattle_storm,1641651,assets/leagues/wnba/athletes/seattle_storm_jordan_horston/headshot.png,assets/leagues/wnba/athletes/seattle_storm_jordan_horston/headshot.png.approved,outputs/latest/review_files/athlete_image_approval_pack/downloads/seattle_storm/seattle_storm_jordan_horston__1641651.png,2026-06-15T20:58:37.907148+00:00,default
seattle_storm_stefanie_dolson,Stefanie Dolson,seattle_storm,203828,assets/leagues/wnba/athletes/seattle_storm_stefanie_dolson/headshot.png,assets/leagues/wnba/athletes/seattle_storm_stefanie_dolson/headshot.png.approved,outputs/latest/review_files/athlete_image_approval_pack/downloads/seattle_storm/seattle_storm_stefanie_dolson__203828.png,2026-06-15T20:58:37.907505+00:00,default
seattle_storm_katie_lou_samuelson,Katie Lou Samuelson,seattle_storm,1629478,assets/leagues/wnba/athletes/seattle_storm_katie_lou_samuelson/headshot.png,assets/leagues/wnba/athletes/seattle_storm_katie_lou_samuelson/headshot.png.approved,outputs/latest/review_files/athlete_image_approval_pack/downloads/seattle_storm/seattle_storm_katie_lou_samuelson__1629478.png,2026-06-15T20:58:37.907878+00:00,default
seattle_storm_mackenzie_holmes,Mackenzie Holmes,seattle_storm,1642307,assets/leagues/wnba/athletes/seattle_storm_mackenzie_holmes/headshot.png,assets/leagues/wnba/athletes/seattle_storm_mackenzie_holmes/headshot.png.approved,outputs/latest/review_files/athlete_image_approval_pack/downloads/seattle_storm/seattle_storm_mackenzie_holmes__1642307.png,2026-06-15T20:58:37.908231+00:00,default
