team_id,athlete_id,display_name,provider_player_id,image_url,download_status,downloaded_file,bytes,reason
atlanta_dream,atlanta_dream_naz_hillmon,Naz Hillmon,1631044,https://cdn.wnba.com/headshots/wnba/latest/260x190/1631044.png,downloaded,outputs/latest/review_files/athlete_image_approval_pack/downloads/atlanta_dream/atlanta_dream_naz_hillmon__1631044.png,20762,
atlanta_dream,atlanta_dream_amy_okonkwo,Amy Okonkwo,1629539,https://cdn.wnba.com/headshots/wnba/latest/260x190/1629539.png,downloaded,outputs/latest/review_files/athlete_image_approval_pack/downloads/atlanta_dream/atlanta_dream_amy_okonkwo__1629539.png,21525,
atlanta_dream,atlanta_dream_te_hina_paopao,Te-Hina Paopao,1642804,https://cdn.wnba.com/headshots/wnba/latest/260x190/1642804.png,downloaded,outputs/latest/review_files/athlete_image_approval_pack/downloads/atlanta_dream/atlanta_dream_te_hina_paopao__1642804.png,23028,
atlanta_dream,atlanta_dream_jordin_canada,Jordin Canada,1628886,https://cdn.wnba.com/headshots/wnba/latest/260x190/1628886.png,downloaded,outputs/latest/review_files/athlete_image_approval_pack/downloads/atlanta_dream/atlanta_dream_jordin_canada__1628886.png,20228,
atlanta_dream,atlanta_dream_angel_reese,Angel Reese,1642291,https://cdn.wnba.com/headshots/wnba/latest/260x190/1642291.png,downloaded,outputs/latest/review_files/athlete_image_approval_pack/downloads/atlanta_dream/atlanta_dream_angel_reese__1642291.png,18879,
atlanta_dream,atlanta_dream_rhyne_howard,Rhyne Howard,1631009,https://cdn.wnba.com/headshots/wnba/latest/260x190/1631009.png,downloaded,outputs/latest/review_files/athlete_image_approval_pack/downloads/atlanta_dream/atlanta_dream_rhyne_howard__1631009.png,19472,
atlanta_dream,atlanta_dream_madina_okot,Madina Okot,1643431,https://cdn.wnba.com/headshots/wnba/latest/260x190/1643431.png,downloaded,outputs/latest/review_files/athlete_image_approval_pack/downloads/atlanta_dream/atlanta_dream_madina_okot__1643431.png,18826,
atlanta_dream,atlanta_dream_allisha_gray,Allisha Gray,1628277,https://cdn.wnba.com/headshots/wnba/latest/260x190/1628277.png,downloaded,outputs/latest/review_files/athlete_image_approval_pack/downloads/atlanta_dream/atlanta_dream_allisha_gray__1628277.png,28002,
atlanta_dream,atlanta_dream_isobel_borlase,Isobel Borlase,1642302,https://cdn.wnba.com/headshots/wnba/latest/260x190/1642302.png,downloaded,outputs/latest/review_files/athlete_image_approval_pack/downloads/atlanta_dream/atlanta_dream_isobel_borlase__1642302.png,21035,
atlanta_dream,atlanta_dream_indya_nivar,Indya Nivar,1643469,https://cdn.wnba.com/headshots/wnba/latest/260x190/1643469.png,downloaded,outputs/latest/review_files/athlete_image_approval_pack/downloads/atlanta_dream/atlanta_dream_indya_nivar__1643469.png,22022,
atlanta_dream,atlanta_dream_sika_kone,Sika Kone,1631021,https://cdn.wnba.com/headshots/wnba/latest/260x190/1631021.png,downloaded,outputs/latest/review_files/athlete_image_approval_pack/downloads/atlanta_dream/atlanta_dream_sika_kone__1631021.png,18782,
atlanta_dream,atlanta_dream_aaliyah_nye,Aaliyah Nye,1642801,https://cdn.wnba.com/headshots/wnba/latest/260x190/1642801.png,downloaded,outputs/latest/review_files/athlete_image_approval_pack/downloads/atlanta_dream/atlanta_dream_aaliyah_nye__1642801.png,14139,
atlanta_dream,atlanta_dream_brionna_jones,Brionna Jones,1628280,https://cdn.wnba.com/headshots/wnba/latest/260x190/1628280.png,downloaded,outputs/latest/review_files/athlete_image_approval_pack/downloads/atlanta_dream/atlanta_dream_brionna_jones__1628280.png,21843,
chicago_sky,chicago_sky_jacy_sheldon,Jacy Sheldon,1642292,https://cdn.wnba.com/headshots/wnba/latest/260x190/1642292.png,downloaded,outputs/latest/review_files/athlete_image_approval_pack/downloads/chicago_sky/chicago_sky_jacy_sheldon__1642292.png,22839,
chicago_sky,chicago_sky_elizabeth_williams,Elizabeth Williams,204322,https://cdn.wnba.com/headshots/wnba/latest/260x190/204322.png,downloaded,outputs/latest/review_files/athlete_image_approval_pack/downloads/chicago_sky/chicago_sky_elizabeth_williams__204322.png,18098,
chicago_sky,chicago_sky_skylar_diggins,Skylar Diggins,203400,https://cdn.wnba.com/headshots/wnba/latest/260x190/203400.png,downloaded,outputs/latest/review_files/athlete_image_approval_pack/downloads/chicago_sky/chicago_sky_skylar_diggins__203400.png,17665,
chicago_sky,chicago_sky_rickea_jackson,Rickea Jackson,1642288,https://cdn.wnba.com/headshots/wnba/latest/260x190/1642288.png,downloaded,outputs/latest/review_files/athlete_image_approval_pack/downloads/chicago_sky/chicago_sky_rickea_jackson__1642288.png,19096,
chicago_sky,chicago_sky_saylor_poffenbarger,Saylor Poffenbarger,1643458,https://cdn.wnba.com/headshots/wnba/latest/260x190/1643458.png,downloaded,outputs/latest/review_files/athlete_image_approval_pack/downloads/chicago_sky/chicago_sky_saylor_poffenbarger__1643458.png,18023,
chicago_sky,chicago_sky_dijonai_carrington,DiJonai Carrington,1630096,https://cdn.wnba.com/headshots/wnba/latest/260x190/1630096.png,downloaded,outputs/latest/review_files/athlete_image_approval_pack/downloads/chicago_sky/chicago_sky_dijonai_carrington__1630096.png,18253,
chicago_sky,chicago_sky_natasha_cloud,Natasha Cloud,204333,https://cdn.wnba.com/headshots/wnba/latest/260x190/204333.png,downloaded,outputs/latest/review_files/athlete_image_approval_pack/downloads/chicago_sky/chicago_sky_natasha_cloud__204333.png,15339,
chicago_sky,chicago_sky_kamilla_cardoso,Kamilla Cardoso,1642289,https://cdn.wnba.com/headshots/wnba/latest/260x190/1642289.png,downloaded,outputs/latest/review_files/athlete_image_approval_pack/downloads/chicago_sky/chicago_sky_kamilla_cardoso__1642289.png,21040,
chicago_sky,chicago_sky_gabriela_jaquez,Gabriela Jaquez,1643447,https://cdn.wnba.com/headshots/wnba/latest/260x190/1643447.png,downloaded,outputs/latest/review_files/athlete_image_approval_pack/downloads/chicago_sky/chicago_sky_gabriela_jaquez__1643447.png,19320,
chicago_sky,chicago_sky_sydney_taylor,Sydney Taylor,1642321,https://cdn.wnba.com/headshots/wnba/latest/260x190/1642321.png,downloaded,outputs/latest/review_files/athlete_image_approval_pack/downloads/chicago_sky/chicago_sky_sydney_taylor__1642321.png,16183,
chicago_sky,chicago_sky_maddy_westbeld,Maddy Westbeld,1642818,https://cdn.wnba.com/headshots/wnba/latest/260x190/1642818.png,downloaded,outputs/latest/review_files/athlete_image_approval_pack/downloads/chicago_sky/chicago_sky_maddy_westbeld__1642818.png,25005,
chicago_sky,chicago_sky_courtney_vandersloot,Courtney Vandersloot,202664,https://cdn.wnba.com/headshots/wnba/latest/260x190/202664.png,downloaded,outputs/latest/review_files/athlete_image_approval_pack/downloads/chicago_sky/chicago_sky_courtney_vandersloot__202664.png,15316,
chicago_sky,chicago_sky_rachel_banham,Rachel Banham,1627671,https://cdn.wnba.com/headshots/wnba/latest/260x190/1627671.png,downloaded,outputs/latest/review_files/athlete_image_approval_pack/downloads/chicago_sky/chicago_sky_rachel_banham__1627671.png,17044,
chicago_sky,chicago_sky_azura_stevens,Azura Stevens,1628922,https://cdn.wnba.com/headshots/wnba/latest/260x190/1628922.png,downloaded,outputs/latest/review_files/athlete_image_approval_pack/downloads/chicago_sky/chicago_sky_azura_stevens__1628922.png,20605,
chicago_sky,chicago_sky_aicha_coulibaly,Aicha Coulibaly,1642786,https://cdn.wnba.com/headshots/wnba/latest/260x190/1642786.png,downloaded,outputs/latest/review_files/athlete_image_approval_pack/downloads/chicago_sky/chicago_sky_aicha_coulibaly__1642786.png,17365,
connecticut_sun,connecticut_sun_diamond_miller,Diamond Miller,1641649,https://cdn.wnba.com/headshots/wnba/latest/260x190/1641649.png,downloaded,outputs/latest/review_files/athlete_image_approval_pack/downloads/connecticut_sun/connecticut_sun_diamond_miller__1641649.png,19697,
connecticut_sun,connecticut_sun_hailey_van_lith,Hailey Van Lith,1642817,https://cdn.wnba.com/headshots/wnba/latest/260x190/1642817.png,downloaded,outputs/latest/review_files/athlete_image_approval_pack/downloads/connecticut_sun/connecticut_sun_hailey_van_lith__1642817.png,19019,
connecticut_sun,connecticut_sun_ashlon_jackson,Ashlon Jackson,1643437,https://cdn.wnba.com/headshots/wnba/latest/260x190/1643437.png,downloaded,outputs/latest/review_files/athlete_image_approval_pack/downloads/connecticut_sun/connecticut_sun_ashlon_jackson__1643437.png,19203,
connecticut_sun,connecticut_sun_charlisse_leger_walker,Charlisse Leger-Walker,1643449,https://cdn.wnba.com/headshots/wnba/latest/260x190/1643449.png,downloaded,outputs/latest/review_files/athlete_image_approval_pack/downloads/connecticut_sun/connecticut_sun_charlisse_leger_walker__1643449.png,24513,
connecticut_sun,connecticut_sun_gianna_kneepkens,Gianna Kneepkens,1643429,https://cdn.wnba.com/headshots/wnba/latest/260x190/1643429.png,downloaded,outputs/latest/review_files/athlete_image_approval_pack/downloads/connecticut_sun/connecticut_sun_gianna_kneepkens__1643429.png,20364,
connecticut_sun,connecticut_sun_aaliyah_edwards,Aaliyah Edwards,1642290,https://cdn.wnba.com/headshots/wnba/latest/260x190/1642290.png,downloaded,outputs/latest/review_files/athlete_image_approval_pack/downloads/connecticut_sun/connecticut_sun_aaliyah_edwards__1642290.png,16097,
connecticut_sun,connecticut_sun_olivia_nelson_ododa,Olivia Nelson-Ododa,1631135,https://cdn.wnba.com/headshots/wnba/latest/260x190/1631135.png,downloaded,outputs/latest/review_files/athlete_image_approval_pack/downloads/connecticut_sun/connecticut_sun_olivia_nelson_ododa__1631135.png,18832,
connecticut_sun,connecticut_sun_raegan_beers,Raegan Beers,1643441,https://cdn.wnba.com/headshots/wnba/latest/260x190/1643441.png,downloaded,outputs/latest/review_files/athlete_image_approval_pack/downloads/connecticut_sun/connecticut_sun_raegan_beers__1643441.png,21001,
connecticut_sun,connecticut_sun_saniya_rivers,Saniya Rivers,1642809,https://cdn.wnba.com/headshots/wnba/latest/260x190/1642809.png,downloaded,outputs/latest/review_files/athlete_image_approval_pack/downloads/connecticut_sun/connecticut_sun_saniya_rivers__1642809.png,20009,
connecticut_sun,connecticut_sun_aneesah_morrow,Aneesah Morrow,1642800,https://cdn.wnba.com/headshots/wnba/latest/260x190/1642800.png,downloaded,outputs/latest/review_files/athlete_image_approval_pack/downloads/connecticut_sun/connecticut_sun_aneesah_morrow__1642800.png,19056,
connecticut_sun,connecticut_sun_kennedy_burke,Kennedy Burke,1629568,https://cdn.wnba.com/headshots/wnba/latest/260x190/1629568.png,downloaded,outputs/latest/review_files/athlete_image_approval_pack/downloads/connecticut_sun/connecticut_sun_kennedy_burke__1629568.png,16436,
connecticut_sun,connecticut_sun_nell_angloma,Nell Angloma,1643448,https://cdn.wnba.com/headshots/wnba/latest/260x190/1643448.png,downloaded,outputs/latest/review_files/athlete_image_approval_pack/downloads/connecticut_sun/connecticut_sun_nell_angloma__1643448.png,15340,
connecticut_sun,connecticut_sun_brittney_griner,Brittney Griner,203398,https://cdn.wnba.com/headshots/wnba/latest/260x190/203398.png,downloaded,outputs/latest/review_files/athlete_image_approval_pack/downloads/connecticut_sun/connecticut_sun_brittney_griner__203398.png,19270,
connecticut_sun,connecticut_sun_leila_lacan,Leila Lacan,1642303,https://cdn.wnba.com/headshots/wnba/latest/260x190/1642303.png,downloaded,outputs/latest/review_files/athlete_image_approval_pack/downloads/connecticut_sun/connecticut_sun_leila_lacan__1642303.png,15654,
indiana_fever,indiana_fever_kelsey_mitchell,Kelsey Mitchell,1628909,https://cdn.wnba.com/headshots/wnba/latest/260x190/1628909.png,downloaded,outputs/latest/review_files/athlete_image_approval_pack/downloads/indiana_fever/indiana_fever_kelsey_mitchell__1628909.png,18350,
indiana_fever,indiana_fever_myisha_hines_allen,Myisha Hines-Allen,1628899,https://cdn.wnba.com/headshots/wnba/latest/260x190/1628899.png,downloaded,outputs/latest/review_files/athlete_image_approval_pack/downloads/indiana_fever/indiana_fever_myisha_hines_allen__1628899.png,16942,
indiana_fever,indiana_fever_raven_johnson,Raven Johnson,1643433,https://cdn.wnba.com/headshots/wnba/latest/260x190/1643433.png,downloaded,outputs/latest/review_files/athlete_image_approval_pack/downloads/indiana_fever/indiana_fever_raven_johnson__1643433.png,23915,
indiana_fever,indiana_fever_aliyah_boston,Aliyah Boston,1641648,https://cdn.wnba.com/headshots/wnba/latest/260x190/1641648.png,downloaded,outputs/latest/review_files/athlete_image_approval_pack/downloads/indiana_fever/indiana_fever_aliyah_boston__1641648.png,19742,
indiana_fever,indiana_fever_sophie_cunningham,Sophie Cunningham,1629482,https://cdn.wnba.com/headshots/wnba/latest/260x190/1629482.png,downloaded,outputs/latest/review_files/athlete_image_approval_pack/downloads/indiana_fever/indiana_fever_sophie_cunningham__1629482.png,18152,
indiana_fever,indiana_fever_lexie_hull,Lexie Hull,1631086,https://cdn.wnba.com/headshots/wnba/latest/260x190/1631086.png,downloaded,outputs/latest/review_files/athlete_image_approval_pack/downloads/indiana_fever/indiana_fever_lexie_hull__1631086.png,21042,
indiana_fever,indiana_fever_damiris_dantas,Damiris Dantas,203024,https://cdn.wnba.com/headshots/wnba/latest/260x190/203024.png,downloaded,outputs/latest/review_files/athlete_image_approval_pack/downloads/indiana_fever/indiana_fever_damiris_dantas__203024.png,13055,
indiana_fever,indiana_fever_justine_pissott,Justine Pissott,1643495,https://cdn.wnba.com/headshots/wnba/latest/260x190/1643495.png,downloaded,outputs/latest/review_files/athlete_image_approval_pack/downloads/indiana_fever/indiana_fever_justine_pissott__1643495.png,20701,
indiana_fever,indiana_fever_grace_vanslooten,Grace VanSlooten,1643453,https://cdn.wnba.com/headshots/wnba/latest/260x190/1643453.png,downloaded,outputs/latest/review_files/athlete_image_approval_pack/downloads/indiana_fever/indiana_fever_grace_vanslooten__1643453.png,19860,
indiana_fever,indiana_fever_makayla_timpson,Makayla Timpson,1642815,https://cdn.wnba.com/headshots/wnba/latest/260x190/1642815.png,downloaded,outputs/latest/review_files/athlete_image_approval_pack/downloads/indiana_fever/indiana_fever_makayla_timpson__1642815.png,15364,
indiana_fever,indiana_fever_caitlin_clark,Caitlin Clark,1642286,https://cdn.wnba.com/headshots/wnba/latest/260x190/1642286.png,downloaded,outputs/latest/review_files/athlete_image_approval_pack/downloads/indiana_fever/indiana_fever_caitlin_clark__1642286.png,17210,
indiana_fever,indiana_fever_bree_hall,Bree Hall,1642788,https://cdn.wnba.com/headshots/wnba/latest/260x190/1642788.png,downloaded,outputs/latest/review_files/athlete_image_approval_pack/downloads/indiana_fever/indiana_fever_bree_hall__1642788.png,16876,
indiana_fever,indiana_fever_monique_billings,Monique Billings,1628881,https://cdn.wnba.com/headshots/wnba/latest/260x190/1628881.png,downloaded,outputs/latest/review_files/athlete_image_approval_pack/downloads/indiana_fever/indiana_fever_monique_billings__1628881.png,23059,
indiana_fever,indiana_fever_tyasha_harris,Tyasha Harris,1630112,https://cdn.wnba.com/headshots/wnba/latest/260x190/1630112.png,downloaded,outputs/latest/review_files/athlete_image_approval_pack/downloads/indiana_fever/indiana_fever_tyasha_harris__1630112.png,16505,
new_york_liberty,new_york_liberty_satou_sabally,Satou Sabally,1630149,https://cdn.wnba.com/headshots/wnba/latest/260x190/1630149.png,downloaded,outputs/latest/review_files/athlete_image_approval_pack/downloads/new_york_liberty/new_york_liberty_satou_sabally__1630149.png,15425,
new_york_liberty,new_york_liberty_marine_fauthoux,Marine Fauthoux,1630469,https://cdn.wnba.com/headshots/wnba/latest/260x190/1630469.png,downloaded,outputs/latest/review_files/athlete_image_approval_pack/downloads/new_york_liberty/new_york_liberty_marine_fauthoux__1630469.png,20936,
new_york_liberty,new_york_liberty_rebekah_gardner,Rebekah Gardner,203822,https://cdn.wnba.com/headshots/wnba/latest/260x190/203822.png,downloaded,outputs/latest/review_files/athlete_image_approval_pack/downloads/new_york_liberty/new_york_liberty_rebekah_gardner__203822.png,22154,
new_york_liberty,new_york_liberty_leonie_fiebich,Leonie Fiebich,204296,https://cdn.wnba.com/headshots/wnba/latest/260x190/204296.png,downloaded,outputs/latest/review_files/athlete_image_approval_pack/downloads/new_york_liberty/new_york_liberty_leonie_fiebich__204296.png,19878,
new_york_liberty,new_york_liberty_raquel_carrera,Raquel Carrera,1630142,https://cdn.wnba.com/headshots/wnba/latest/260x190/1630142.png,downloaded,outputs/latest/review_files/athlete_image_approval_pack/downloads/new_york_liberty/new_york_liberty_raquel_carrera__1630142.png,16123,
new_york_liberty,new_york_liberty_pauline_astier,Pauline Astier,1630384,https://cdn.wnba.com/headshots/wnba/latest/260x190/1630384.png,downloaded,outputs/latest/review_files/athlete_image_approval_pack/downloads/new_york_liberty/new_york_liberty_pauline_astier__1630384.png,15110,
new_york_liberty,new_york_liberty_sabrina_ionescu,Sabrina Ionescu,1631136,https://cdn.wnba.com/headshots/wnba/latest/260x190/1631136.png,downloaded,outputs/latest/review_files/athlete_image_approval_pack/downloads/new_york_liberty/new_york_liberty_sabrina_ionescu__1631136.png,19024,
new_york_liberty,new_york_liberty_han_xu,Han Xu,1629477,https://cdn.wnba.com/headshots/wnba/latest/260x190/1629477.png,downloaded,outputs/latest/review_files/athlete_image_approval_pack/downloads/new_york_liberty/new_york_liberty_han_xu__1629477.png,19640,
new_york_liberty,new_york_liberty_marine_johannes,Marine Johannes,1629566,https://cdn.wnba.com/headshots/wnba/latest/260x190/1629566.png,downloaded,outputs/latest/review_files/athlete_image_approval_pack/downloads/new_york_liberty/new_york_liberty_marine_johannes__1629566.png,16634,
new_york_liberty,new_york_liberty_anneli_maley,Anneli Maley,1629546,https://cdn.wnba.com/headshots/wnba/latest/260x190/1629546.png,downloaded,outputs/latest/review_files/athlete_image_approval_pack/downloads/new_york_liberty/new_york_liberty_anneli_maley__1629546.png,21019,
new_york_liberty,new_york_liberty_breanna_stewart,Breanna Stewart,1630993,https://cdn.wnba.com/headshots/wnba/latest/260x190/1630993.png,downloaded,outputs/latest/review_files/athlete_image_approval_pack/downloads/new_york_liberty/new_york_liberty_breanna_stewart__1630993.png,15824,
new_york_liberty,new_york_liberty_jonquel_jones,Jonquel Jones,1627668,https://cdn.wnba.com/headshots/wnba/latest/260x190/1627668.png,downloaded,outputs/latest/review_files/athlete_image_approval_pack/downloads/new_york_liberty/new_york_liberty_jonquel_jones__1627668.png,17823,
new_york_liberty,new_york_liberty_betnijah_laney_hamilton,Betnijah Laney-Hamilton,1627673,https://cdn.wnba.com/headshots/wnba/latest/260x190/1627673.png,downloaded,outputs/latest/review_files/athlete_image_approval_pack/downloads/new_york_liberty/new_york_liberty_betnijah_laney_hamilton__1627673.png,22019,
toronto_tempo,toronto_tempo_kiki_rice,Kiki Rice,1643445,https://cdn.wnba.com/headshots/wnba/latest/260x190/1643445.png,downloaded,outputs/latest/review_files/athlete_image_approval_pack/downloads/toronto_tempo/toronto_tempo_kiki_rice__1643445.png,20058,
toronto_tempo,toronto_tempo_laura_juskaite,Laura Juskaite,1643420,https://cdn.wnba.com/headshots/wnba/latest/260x190/1643420.png,downloaded,outputs/latest/review_files/athlete_image_approval_pack/downloads/toronto_tempo/toronto_tempo_laura_juskaite__1643420.png,19511,
toronto_tempo,toronto_tempo_marina_mabrey,Marina Mabrey,1629497,https://cdn.wnba.com/headshots/wnba/latest/260x190/1629497.png,downloaded,outputs/latest/review_files/athlete_image_approval_pack/downloads/toronto_tempo/toronto_tempo_marina_mabrey__1629497.png,17757,
toronto_tempo,toronto_tempo_teonni_key,Teonni Key,1643457,https://cdn.wnba.com/headshots/wnba/latest/260x190/1643457.png,downloaded,outputs/latest/review_files/athlete_image_approval_pack/downloads/toronto_tempo/toronto_tempo_teonni_key__1643457.png,20429,
toronto_tempo,toronto_tempo_nyara_sabally,Nyara Sabally,1631055,https://cdn.wnba.com/headshots/wnba/latest/260x190/1631055.png,downloaded,outputs/latest/review_files/athlete_image_approval_pack/downloads/toronto_tempo/toronto_tempo_nyara_sabally__1631055.png,16350,
toronto_tempo,toronto_tempo_maria_conde,Maria Conde,1629576,https://cdn.wnba.com/headshots/wnba/latest/260x190/1629576.png,downloaded,outputs/latest/review_files/athlete_image_approval_pack/downloads/toronto_tempo/toronto_tempo_maria_conde__1629576.png,4030,
toronto_tempo,toronto_tempo_kia_nurse,Kia Nurse,1628915,https://cdn.wnba.com/headshots/wnba/latest/260x190/1628915.png,downloaded,outputs/latest/review_files/athlete_image_approval_pack/downloads/toronto_tempo/toronto_tempo_kia_nurse__1628915.png,24219,
toronto_tempo,toronto_tempo_temi_fagbenle,Temi Fagbenle,1627701,https://cdn.wnba.com/headshots/wnba/latest/260x190/1627701.png,downloaded,outputs/latest/review_files/athlete_image_approval_pack/downloads/toronto_tempo/toronto_tempo_temi_fagbenle__1627701.png,22713,
toronto_tempo,toronto_tempo_brittney_sykes,Brittney Sykes,1628279,https://cdn.wnba.com/headshots/wnba/latest/260x190/1628279.png,downloaded,outputs/latest/review_files/athlete_image_approval_pack/downloads/toronto_tempo/toronto_tempo_brittney_sykes__1628279.png,17135,
toronto_tempo,toronto_tempo_isabelle_harrison,Isabelle Harrison,204330,https://cdn.wnba.com/headshots/wnba/latest/260x190/204330.png,downloaded,outputs/latest/review_files/athlete_image_approval_pack/downloads/toronto_tempo/toronto_tempo_isabelle_harrison__204330.png,20810,
toronto_tempo,toronto_tempo_julie_allemand,Julie Allemand,1627700,https://cdn.wnba.com/headshots/wnba/latest/260x190/1627700.png,downloaded,outputs/latest/review_files/athlete_image_approval_pack/downloads/toronto_tempo/toronto_tempo_julie_allemand__1627700.png,16350,
toronto_tempo,toronto_tempo_tima_pouye,Tima Pouye,1643647,https://cdn.wnba.com/headshots/wnba/latest/260x190/1643647.png,downloaded,outputs/latest/review_files/athlete_image_approval_pack/downloads/toronto_tempo/toronto_tempo_tima_pouye__1643647.png,4030,
washington_mystics,washington_mystics_shakira_austin,Shakira Austin,1631022,https://cdn.wnba.com/headshots/wnba/latest/260x190/1631022.png,downloaded,outputs/latest/review_files/athlete_image_approval_pack/downloads/washington_mystics/washington_mystics_shakira_austin__1631022.png,22711,
washington_mystics,washington_mystics_alicia_florez,Alicia Florez,1643644,https://cdn.wnba.com/headshots/wnba/latest/260x190/1643644.png,downloaded,outputs/latest/review_files/athlete_image_approval_pack/downloads/washington_mystics/washington_mystics_alicia_florez__1643644.png,17716,
washington_mystics,washington_mystics_rori_harmon,Rori Harmon,1643450,https://cdn.wnba.com/headshots/wnba/latest/260x190/1643450.png,downloaded,outputs/latest/review_files/athlete_image_approval_pack/downloads/washington_mystics/washington_mystics_rori_harmon__1643450.png,22640,
washington_mystics,washington_mystics_darianna_littlepage_buggs,Darianna Littlepage-Buggs,1643440,https://cdn.wnba.com/headshots/wnba/latest/260x190/1643440.png,downloaded,outputs/latest/review_files/athlete_image_approval_pack/downloads/washington_mystics/washington_mystics_darianna_littlepage_buggs__1643440.png,24493,
washington_mystics,washington_mystics_georgia_amoore,Georgia Amoore,1642781,https://cdn.wnba.com/headshots/wnba/latest/260x190/1642781.png,downloaded,outputs/latest/review_files/athlete_image_approval_pack/downloads/washington_mystics/washington_mystics_georgia_amoore__1642781.png,21333,
washington_mystics,washington_mystics_michaela_onyenwere,Michaela Onyenwere,1630446,https://cdn.wnba.com/headshots/wnba/latest/260x190/1630446.png,downloaded,outputs/latest/review_files/athlete_image_approval_pack/downloads/washington_mystics/washington_mystics_michaela_onyenwere__1630446.png,18932,
washington_mystics,washington_mystics_cassandre_prosper,Cassandre Prosper,1643467,https://cdn.wnba.com/headshots/wnba/latest/260x190/1643467.png,downloaded,outputs/latest/review_files/athlete_image_approval_pack/downloads/washington_mystics/washington_mystics_cassandre_prosper__1643467.png,17935,
washington_mystics,washington_mystics_sonia_citron,Sonia Citron,1642785,https://cdn.wnba.com/headshots/wnba/latest/260x190/1642785.png,downloaded,outputs/latest/review_files/athlete_image_approval_pack/downloads/washington_mystics/washington_mystics_sonia_citron__1642785.png,17479,
washington_mystics,washington_mystics_cotie_mcmahon,Cotie McMahon,1643430,https://cdn.wnba.com/headshots/wnba/latest/260x190/1643430.png,downloaded,outputs/latest/review_files/athlete_image_approval_pack/downloads/washington_mystics/washington_mystics_cotie_mcmahon__1643430.png,21515,
washington_mystics,washington_mystics_angela_dugalic,Angela Dugalic,1643455,https://cdn.wnba.com/headshots/wnba/latest/260x190/1643455.png,downloaded,outputs/latest/review_files/athlete_image_approval_pack/downloads/washington_mystics/washington_mystics_angela_dugalic__1643455.png,22032,
washington_mystics,washington_mystics_lucy_olsen,Lucy Olsen,1642802,https://cdn.wnba.com/headshots/wnba/latest/260x190/1642802.png,downloaded,outputs/latest/review_files/athlete_image_approval_pack/downloads/washington_mystics/washington_mystics_lucy_olsen__1642802.png,22243,
washington_mystics,washington_mystics_kiki_iriafen,Kiki Iriafen,1642792,https://cdn.wnba.com/headshots/wnba/latest/260x190/1642792.png,downloaded,outputs/latest/review_files/athlete_image_approval_pack/downloads/washington_mystics/washington_mystics_kiki_iriafen__1642792.png,23320,
washington_mystics,washington_mystics_lauren_betts,Lauren Betts,1643427,https://cdn.wnba.com/headshots/wnba/latest/260x190/1643427.png,downloaded,outputs/latest/review_files/athlete_image_approval_pack/downloads/washington_mystics/washington_mystics_lauren_betts__1643427.png,20584,
dallas_wings,dallas_wings_odyssey_sims,Odyssey Sims,203824,https://cdn.wnba.com/headshots/wnba/latest/260x190/203824.png,downloaded,outputs/latest/review_files/athlete_image_approval_pack/downloads/dallas_wings/dallas_wings_odyssey_sims__203824.png,18532,
dallas_wings,dallas_wings_sug_sutton,Sug Sutton,1630134,https://cdn.wnba.com/headshots/wnba/latest/260x190/1630134.png,downloaded,outputs/latest/review_files/athlete_image_approval_pack/downloads/dallas_wings/dallas_wings_sug_sutton__1630134.png,15335,
dallas_wings,dallas_wings_paige_bueckers,Paige Bueckers,1642784,https://cdn.wnba.com/headshots/wnba/latest/260x190/1642784.png,downloaded,outputs/latest/review_files/athlete_image_approval_pack/downloads/dallas_wings/dallas_wings_paige_bueckers__1642784.png,19997,
dallas_wings,dallas_wings_costanza_verona,Costanza Verona,1643424,https://cdn.wnba.com/headshots/wnba/latest/260x190/1643424.png,downloaded,outputs/latest/review_files/athlete_image_approval_pack/downloads/dallas_wings/dallas_wings_costanza_verona__1643424.png,20766,
dallas_wings,dallas_wings_alysha_clark,Alysha Clark,202252,https://cdn.wnba.com/headshots/wnba/latest/260x190/202252.png,downloaded,outputs/latest/review_files/athlete_image_approval_pack/downloads/dallas_wings/dallas_wings_alysha_clark__202252.png,12038,
dallas_wings,dallas_wings_alanna_smith,Alanna Smith,1629501,https://cdn.wnba.com/headshots/wnba/latest/260x190/1629501.png,downloaded,outputs/latest/review_files/athlete_image_approval_pack/downloads/dallas_wings/dallas_wings_alanna_smith__1629501.png,20975,
dallas_wings,dallas_wings_aziaha_james,Aziaha James,1642793,https://cdn.wnba.com/headshots/wnba/latest/260x190/1642793.png,downloaded,outputs/latest/review_files/athlete_image_approval_pack/downloads/dallas_wings/dallas_wings_aziaha_james__1642793.png,14288,
dallas_wings,dallas_wings_maddy_siegrist,Maddy Siegrist,1641652,https://cdn.wnba.com/headshots/wnba/latest/260x190/1641652.png,downloaded,outputs/latest/review_files/athlete_image_approval_pack/downloads/dallas_wings/dallas_wings_maddy_siegrist__1641652.png,21424,
dallas_wings,dallas_wings_arike_ogunbowale,Arike Ogunbowale,1629481,https://cdn.wnba.com/headshots/wnba/latest/260x190/1629481.png,downloaded,outputs/latest/review_files/athlete_image_approval_pack/downloads/dallas_wings/dallas_wings_arike_ogunbowale__1629481.png,22521,
dallas_wings,dallas_wings_li_yueru,Li Yueru,1629574,https://cdn.wnba.com/headshots/wnba/latest/260x190/1629574.png,downloaded,outputs/latest/review_files/athlete_image_approval_pack/downloads/dallas_wings/dallas_wings_li_yueru__1629574.png,16899,
dallas_wings,dallas_wings_jessica_shepard,Jessica Shepard,1629491,https://cdn.wnba.com/headshots/wnba/latest/260x190/1629491.png,downloaded,outputs/latest/review_files/athlete_image_approval_pack/downloads/dallas_wings/dallas_wings_jessica_shepard__1629491.png,14516,
dallas_wings,dallas_wings_awak_kuier,Awak Kuier,1630386,https://cdn.wnba.com/headshots/wnba/latest/260x190/1630386.png,downloaded,outputs/latest/review_files/athlete_image_approval_pack/downloads/dallas_wings/dallas_wings_awak_kuier__1630386.png,19588,
dallas_wings,dallas_wings_azzi_fudd,Azzi Fudd,1643425,https://cdn.wnba.com/headshots/wnba/latest/260x190/1643425.png,downloaded,outputs/latest/review_files/athlete_image_approval_pack/downloads/dallas_wings/dallas_wings_azzi_fudd__1643425.png,16060,
golden_state_valkyries,golden_state_valkyries_gabby_williams,Gabby Williams,1628931,https://cdn.wnba.com/headshots/wnba/latest/260x190/1628931.png,downloaded,outputs/latest/review_files/athlete_image_approval_pack/downloads/golden_state_valkyries/golden_state_valkyries_gabby_williams__1628931.png,19817,
golden_state_valkyries,golden_state_valkyries_kaitlyn_chen,Kaitlyn Chen,1642822,https://cdn.wnba.com/headshots/wnba/latest/260x190/1642822.png,downloaded,outputs/latest/review_files/athlete_image_approval_pack/downloads/golden_state_valkyries/golden_state_valkyries_kaitlyn_chen__1642822.png,18656,
golden_state_valkyries,golden_state_valkyries_laeticia_amihere,Laeticia Amihere,1641656,https://cdn.wnba.com/headshots/wnba/latest/260x190/1641656.png,downloaded,outputs/latest/review_files/athlete_image_approval_pack/downloads/golden_state_valkyries/golden_state_valkyries_laeticia_amihere__1641656.png,21363,
golden_state_valkyries,golden_state_valkyries_juste_jocyte,Juste Jocyte,1642794,https://cdn.wnba.com/headshots/wnba/latest/260x190/1642794.png,downloaded,outputs/latest/review_files/athlete_image_approval_pack/downloads/golden_state_valkyries/golden_state_valkyries_juste_jocyte__1642794.png,4030,
golden_state_valkyries,golden_state_valkyries_kayla_thornton,Kayla Thornton,203866,https://cdn.wnba.com/headshots/wnba/latest/260x190/203866.png,downloaded,outputs/latest/review_files/athlete_image_approval_pack/downloads/golden_state_valkyries/golden_state_valkyries_kayla_thornton__203866.png,27338,
golden_state_valkyries,golden_state_valkyries_kaila_charles,Kaila Charles,1630097,https://cdn.wnba.com/headshots/wnba/latest/260x190/1630097.png,downloaded,outputs/latest/review_files/athlete_image_approval_pack/downloads/golden_state_valkyries/golden_state_valkyries_kaila_charles__1630097.png,20261,
golden_state_valkyries,golden_state_valkyries_miela_sowah,Miela Sowah,1631039,https://cdn.wnba.com/headshots/wnba/latest/260x190/1631039.png,downloaded,outputs/latest/review_files/athlete_image_approval_pack/downloads/golden_state_valkyries/golden_state_valkyries_miela_sowah__1631039.png,19944,
golden_state_valkyries,golden_state_valkyries_ashten_prechtel,Ashten Prechtel,1641695,https://cdn.wnba.com/headshots/wnba/latest/260x190/1641695.png,downloaded,outputs/latest/review_files/athlete_image_approval_pack/downloads/golden_state_valkyries/golden_state_valkyries_ashten_prechtel__1641695.png,20756,
golden_state_valkyries,golden_state_valkyries_iliana_rupert,Iliana Rupert,1630387,https://cdn.wnba.com/headshots/wnba/latest/260x190/1630387.png,downloaded,outputs/latest/review_files/athlete_image_approval_pack/downloads/golden_state_valkyries/golden_state_valkyries_iliana_rupert__1630387.png,14848,
golden_state_valkyries,golden_state_valkyries_janelle_salaun,Janelle Salaun,1642767,https://cdn.wnba.com/headshots/wnba/latest/260x190/1642767.png,downloaded,outputs/latest/review_files/athlete_image_approval_pack/downloads/golden_state_valkyries/golden_state_valkyries_janelle_salaun__1642767.png,21926,
golden_state_valkyries,golden_state_valkyries_tiffany_hayes,Tiffany Hayes,203026,https://cdn.wnba.com/headshots/wnba/latest/260x190/203026.png,downloaded,outputs/latest/review_files/athlete_image_approval_pack/downloads/golden_state_valkyries/golden_state_valkyries_tiffany_hayes__203026.png,17179,
golden_state_valkyries,golden_state_valkyries_veronica_burton,Veronica Burton,1631007,https://cdn.wnba.com/headshots/wnba/latest/260x190/1631007.png,downloaded,outputs/latest/review_files/athlete_image_approval_pack/downloads/golden_state_valkyries/golden_state_valkyries_veronica_burton__1631007.png,19733,
golden_state_valkyries,golden_state_valkyries_cecilia_zandalasini,Cecilia Zandalasini,1628508,https://cdn.wnba.com/headshots/wnba/latest/260x190/1628508.png,downloaded,outputs/latest/review_files/athlete_image_approval_pack/downloads/golden_state_valkyries/golden_state_valkyries_cecilia_zandalasini__1628508.png,14070,
golden_state_valkyries,golden_state_valkyries_kiah_stokes,Kiah Stokes,204329,https://cdn.wnba.com/headshots/wnba/latest/260x190/204329.png,downloaded,outputs/latest/review_files/athlete_image_approval_pack/downloads/golden_state_valkyries/golden_state_valkyries_kiah_stokes__204329.png,19350,
golden_state_valkyries,golden_state_valkyries_nadia_fingall,Nadia Fingall,1643686,https://cdn.wnba.com/headshots/wnba/latest/260x190/1643686.png,downloaded,outputs/latest/review_files/athlete_image_approval_pack/downloads/golden_state_valkyries/golden_state_valkyries_nadia_fingall__1643686.png,4030,
las_vegas_aces,las_vegas_aces_jackie_young,Jackie Young,1629498,https://cdn.wnba.com/headshots/wnba/latest/260x190/1629498.png,downloaded,outputs/latest/review_files/athlete_image_approval_pack/downloads/las_vegas_aces/las_vegas_aces_jackie_young__1629498.png,19544,
las_vegas_aces,las_vegas_aces_kierstan_bell,Kierstan Bell,1631006,https://cdn.wnba.com/headshots/wnba/latest/260x190/1631006.png,downloaded,outputs/latest/review_files/athlete_image_approval_pack/downloads/las_vegas_aces/las_vegas_aces_kierstan_bell__1631006.png,17161,
las_vegas_aces,las_vegas_aces_janiah_barker,Janiah Barker,1643434,https://cdn.wnba.com/headshots/wnba/latest/260x190/1643434.png,downloaded,outputs/latest/review_files/athlete_image_approval_pack/downloads/las_vegas_aces/las_vegas_aces_janiah_barker__1643434.png,16857,
las_vegas_aces,las_vegas_aces_nalyssa_smith,NaLyssa Smith,1631019,https://cdn.wnba.com/headshots/wnba/latest/260x190/1631019.png,downloaded,outputs/latest/review_files/athlete_image_approval_pack/downloads/las_vegas_aces/las_vegas_aces_nalyssa_smith__1631019.png,16142,
las_vegas_aces,las_vegas_aces_stephanie_talbot,Stephanie Talbot,203855,https://cdn.wnba.com/headshots/wnba/latest/260x190/203855.png,downloaded,outputs/latest/review_files/athlete_image_approval_pack/downloads/las_vegas_aces/las_vegas_aces_stephanie_talbot__203855.png,20647,
las_vegas_aces,las_vegas_aces_dana_evans,Dana Evans,1630389,https://cdn.wnba.com/headshots/wnba/latest/260x190/1630389.png,downloaded,outputs/latest/review_files/athlete_image_approval_pack/downloads/las_vegas_aces/las_vegas_aces_dana_evans__1630389.png,21499,
las_vegas_aces,las_vegas_aces_chelsea_gray,Chelsea Gray,203833,https://cdn.wnba.com/headshots/wnba/latest/260x190/203833.png,downloaded,outputs/latest/review_files/athlete_image_approval_pack/downloads/las_vegas_aces/las_vegas_aces_chelsea_gray__203833.png,19536,
las_vegas_aces,las_vegas_aces_brianna_turner,Brianna Turner,1629488,https://cdn.wnba.com/headshots/wnba/latest/260x190/1629488.png,downloaded,outputs/latest/review_files/athlete_image_approval_pack/downloads/las_vegas_aces/las_vegas_aces_brianna_turner__1629488.png,18927,
las_vegas_aces,las_vegas_aces_a_ja_wilson,A'ja Wilson,1628932,https://cdn.wnba.com/headshots/wnba/latest/260x190/1628932.png,downloaded,outputs/latest/review_files/athlete_image_approval_pack/downloads/las_vegas_aces/las_vegas_aces_a_ja_wilson__1628932.png,23416,
las_vegas_aces,las_vegas_aces_chennedy_carter,Chennedy Carter,1630150,https://cdn.wnba.com/headshots/wnba/latest/260x190/1630150.png,downloaded,outputs/latest/review_files/athlete_image_approval_pack/downloads/las_vegas_aces/las_vegas_aces_chennedy_carter__1630150.png,20784,
las_vegas_aces,las_vegas_aces_jewell_loyd,Jewell Loyd,204319,https://cdn.wnba.com/headshots/wnba/latest/260x190/204319.png,downloaded,outputs/latest/review_files/athlete_image_approval_pack/downloads/las_vegas_aces/las_vegas_aces_jewell_loyd__204319.png,14027,
las_vegas_aces,las_vegas_aces_cheyenne_parker_tyus,Cheyenne Parker-Tyus,204323,https://cdn.wnba.com/headshots/wnba/latest/260x190/204323.png,downloaded,outputs/latest/review_files/athlete_image_approval_pack/downloads/las_vegas_aces/las_vegas_aces_cheyenne_parker_tyus__204323.png,21953,
los_angeles_sparks,los_angeles_sparks_ta_niya_latson,Ta'Niya Latson,1643444,https://cdn.wnba.com/headshots/wnba/latest/260x190/1643444.png,downloaded,outputs/latest/review_files/athlete_image_approval_pack/downloads/los_angeles_sparks/los_angeles_sparks_ta_niya_latson__1643444.png,17747,
los_angeles_sparks,los_angeles_sparks_chance_gray,Chance Gray,1643462,https://cdn.wnba.com/headshots/wnba/latest/260x190/1643462.png,downloaded,outputs/latest/review_files/athlete_image_approval_pack/downloads/los_angeles_sparks/los_angeles_sparks_chance_gray__1643462.png,17046,
los_angeles_sparks,los_angeles_sparks_laura_ziegler,Laura Ziegler,1643461,https://cdn.wnba.com/headshots/wnba/latest/260x190/1643461.png,downloaded,outputs/latest/review_files/athlete_image_approval_pack/downloads/los_angeles_sparks/los_angeles_sparks_laura_ziegler__1643461.png,18996,
los_angeles_sparks,los_angeles_sparks_dearica_hamby,Dearica Hamby,204324,https://cdn.wnba.com/headshots/wnba/latest/260x190/204324.png,downloaded,outputs/latest/review_files/athlete_image_approval_pack/downloads/los_angeles_sparks/los_angeles_sparks_dearica_hamby__204324.png,14666,
los_angeles_sparks,los_angeles_sparks_jihyun_park,Jihyun Park,1630148,https://cdn.wnba.com/headshots/wnba/latest/260x190/1630148.png,downloaded,outputs/latest/review_files/athlete_image_approval_pack/downloads/los_angeles_sparks/los_angeles_sparks_jihyun_park__1630148.png,14835,
los_angeles_sparks,los_angeles_sparks_ariel_atkins,Ariel Atkins,1628878,https://cdn.wnba.com/headshots/wnba/latest/260x190/1628878.png,downloaded,outputs/latest/review_files/athlete_image_approval_pack/downloads/los_angeles_sparks/los_angeles_sparks_ariel_atkins__1628878.png,19623,
los_angeles_sparks,los_angeles_sparks_kelsey_plum,Kelsey Plum,1628276,https://cdn.wnba.com/headshots/wnba/latest/260x190/1628276.png,downloaded,outputs/latest/review_files/athlete_image_approval_pack/downloads/los_angeles_sparks/los_angeles_sparks_kelsey_plum__1628276.png,17009,
los_angeles_sparks,los_angeles_sparks_rae_burrell,Rae Burrell,1630996,https://cdn.wnba.com/headshots/wnba/latest/260x190/1630996.png,downloaded,outputs/latest/review_files/athlete_image_approval_pack/downloads/los_angeles_sparks/los_angeles_sparks_rae_burrell__1630996.png,19883,
los_angeles_sparks,los_angeles_sparks_erica_wheeler,Erica Wheeler,204365,https://cdn.wnba.com/headshots/wnba/latest/260x190/204365.png,downloaded,outputs/latest/review_files/athlete_image_approval_pack/downloads/los_angeles_sparks/los_angeles_sparks_erica_wheeler__204365.png,18549,
los_angeles_sparks,los_angeles_sparks_sania_feagin,Sania Feagin,1642790,https://cdn.wnba.com/headshots/wnba/latest/260x190/1642790.png,downloaded,outputs/latest/review_files/athlete_image_approval_pack/downloads/los_angeles_sparks/los_angeles_sparks_sania_feagin__1642790.png,20050,
los_angeles_sparks,los_angeles_sparks_kate_martin,Kate Martin,1642324,https://cdn.wnba.com/headshots/wnba/latest/260x190/1642324.png,downloaded,outputs/latest/review_files/athlete_image_approval_pack/downloads/los_angeles_sparks/los_angeles_sparks_kate_martin__1642324.png,18506,
los_angeles_sparks,los_angeles_sparks_cameron_brink,Cameron Brink,1642287,https://cdn.wnba.com/headshots/wnba/latest/260x190/1642287.png,downloaded,outputs/latest/review_files/athlete_image_approval_pack/downloads/los_angeles_sparks/los_angeles_sparks_cameron_brink__1642287.png,20408,
los_angeles_sparks,los_angeles_sparks_nneka_ogwumike,Nneka Ogwumike,203014,https://cdn.wnba.com/headshots/wnba/latest/260x190/203014.png,downloaded,outputs/latest/review_files/athlete_image_approval_pack/downloads/los_angeles_sparks/los_angeles_sparks_nneka_ogwumike__203014.png,19524,
los_angeles_sparks,los_angeles_sparks_emma_cannon,Emma Cannon,1628242,https://cdn.wnba.com/headshots/wnba/latest/260x190/1628242.png,downloaded,outputs/latest/review_files/athlete_image_approval_pack/downloads/los_angeles_sparks/los_angeles_sparks_emma_cannon__1628242.png,14636,
minnesota_lynx,minnesota_lynx_natasha_howard,Natasha Howard,203827,https://cdn.wnba.com/headshots/wnba/latest/260x190/203827.png,downloaded,outputs/latest/review_files/athlete_image_approval_pack/downloads/minnesota_lynx/minnesota_lynx_natasha_howard__203827.png,16498,
minnesota_lynx,minnesota_lynx_liatu_king,Liatu King,1642820,https://cdn.wnba.com/headshots/wnba/latest/260x190/1642820.png,downloaded,outputs/latest/review_files/athlete_image_approval_pack/downloads/minnesota_lynx/minnesota_lynx_liatu_king__1642820.png,18713,
minnesota_lynx,minnesota_lynx_maya_caldwell,Maya Caldwell,1630471,https://cdn.wnba.com/headshots/wnba/latest/260x190/1630471.png,downloaded,outputs/latest/review_files/athlete_image_approval_pack/downloads/minnesota_lynx/minnesota_lynx_maya_caldwell__1630471.png,21565,
minnesota_lynx,minnesota_lynx_olivia_miles,Olivia Miles,1643426,https://cdn.wnba.com/headshots/wnba/latest/260x190/1643426.png,downloaded,outputs/latest/review_files/athlete_image_approval_pack/downloads/minnesota_lynx/minnesota_lynx_olivia_miles__1643426.png,13751,
minnesota_lynx,minnesota_lynx_anastasiia_olairi_kosu,Anastasiia Olairi Kosu,1642797,https://cdn.wnba.com/headshots/wnba/latest/260x190/1642797.png,downloaded,outputs/latest/review_files/athlete_image_approval_pack/downloads/minnesota_lynx/minnesota_lynx_anastasiia_olairi_kosu__1642797.png,17108,
minnesota_lynx,minnesota_lynx_antonia_delaere,Antonia Delaere,1643489,https://cdn.wnba.com/headshots/wnba/latest/260x190/1643489.png,downloaded,outputs/latest/review_files/athlete_image_approval_pack/downloads/minnesota_lynx/minnesota_lynx_antonia_delaere__1643489.png,18019,
minnesota_lynx,minnesota_lynx_courtney_williams,Courtney Williams,1627675,https://cdn.wnba.com/headshots/wnba/latest/260x190/1627675.png,downloaded,outputs/latest/review_files/athlete_image_approval_pack/downloads/minnesota_lynx/minnesota_lynx_courtney_williams__1627675.png,15580,
minnesota_lynx,minnesota_lynx_eliska_hamzova,Eliska Hamzova,1643490,https://cdn.wnba.com/headshots/wnba/latest/260x190/1643490.png,downloaded,outputs/latest/review_files/athlete_image_approval_pack/downloads/minnesota_lynx/minnesota_lynx_eliska_hamzova__1643490.png,19149,
minnesota_lynx,minnesota_lynx_nia_coffey,Nia Coffey,1628269,https://cdn.wnba.com/headshots/wnba/latest/260x190/1628269.png,downloaded,outputs/latest/review_files/athlete_image_approval_pack/downloads/minnesota_lynx/minnesota_lynx_nia_coffey__1628269.png,17350,
minnesota_lynx,minnesota_lynx_dorka_juhasz,Dorka Juhasz,1641657,https://cdn.wnba.com/headshots/wnba/latest/260x190/1641657.png,downloaded,outputs/latest/review_files/athlete_image_approval_pack/downloads/minnesota_lynx/minnesota_lynx_dorka_juhasz__1641657.png,21041,
minnesota_lynx,minnesota_lynx_teaira_mccowan,Teaira McCowan,1629479,https://cdn.wnba.com/headshots/wnba/latest/260x190/1629479.png,downloaded,outputs/latest/review_files/athlete_image_approval_pack/downloads/minnesota_lynx/minnesota_lynx_teaira_mccowan__1629479.png,18616,
minnesota_lynx,minnesota_lynx_kayla_mcbride,Kayla McBride,203825,https://cdn.wnba.com/headshots/wnba/latest/260x190/203825.png,downloaded,outputs/latest/review_files/athlete_image_approval_pack/downloads/minnesota_lynx/minnesota_lynx_kayla_mcbride__203825.png,12698,
minnesota_lynx,minnesota_lynx_emma_cechova,Emma Cechova,1643488,https://cdn.wnba.com/headshots/wnba/latest/260x190/1643488.png,downloaded,outputs/latest/review_files/athlete_image_approval_pack/downloads/minnesota_lynx/minnesota_lynx_emma_cechova__1643488.png,19253,
minnesota_lynx,minnesota_lynx_napheesa_collier,Napheesa Collier,1629483,https://cdn.wnba.com/headshots/wnba/latest/260x190/1629483.png,downloaded,outputs/latest/review_files/athlete_image_approval_pack/downloads/minnesota_lynx/minnesota_lynx_napheesa_collier__1629483.png,19570,
phoenix_mercury,phoenix_mercury_kahleah_copper,Kahleah Copper,1643493,https://cdn.wnba.com/headshots/wnba/latest/260x190/1643493.png,downloaded,outputs/latest/review_files/athlete_image_approval_pack/downloads/phoenix_mercury/phoenix_mercury_kahleah_copper__1643493.png,14897,
phoenix_mercury,phoenix_mercury_natasha_mack,Natasha Mack,1627674,https://cdn.wnba.com/headshots/wnba/latest/260x190/1627674.png,downloaded,outputs/latest/review_files/athlete_image_approval_pack/downloads/phoenix_mercury/phoenix_mercury_natasha_mack__1627674.png,24074,
phoenix_mercury,phoenix_mercury_monique_akoa_makani,Monique Akoa Makani,1630442,https://cdn.wnba.com/headshots/wnba/latest/260x190/1630442.png,downloaded,outputs/latest/review_files/athlete_image_approval_pack/downloads/phoenix_mercury/phoenix_mercury_monique_akoa_makani__1630442.png,17377,
phoenix_mercury,phoenix_mercury_valeriane_ayayi,Valeriane Ayayi,1642777,https://cdn.wnba.com/headshots/wnba/latest/260x190/1642777.png,downloaded,outputs/latest/review_files/athlete_image_approval_pack/downloads/phoenix_mercury/phoenix_mercury_valeriane_ayayi__1642777.png,20207,
phoenix_mercury,phoenix_mercury_lexi_held,Lexi Held,204468,https://cdn.wnba.com/headshots/wnba/latest/260x190/204468.png,downloaded,outputs/latest/review_files/athlete_image_approval_pack/downloads/phoenix_mercury/phoenix_mercury_lexi_held__204468.png,17965,
phoenix_mercury,phoenix_mercury_quionche_carter,Quionche Carter,1631118,https://cdn.wnba.com/headshots/wnba/latest/260x190/1631118.png,downloaded,outputs/latest/review_files/athlete_image_approval_pack/downloads/phoenix_mercury/phoenix_mercury_quionche_carter__1631118.png,20897,
phoenix_mercury,phoenix_mercury_kiana_williams,Kiana Williams,1643487,https://cdn.wnba.com/headshots/wnba/latest/260x190/1643487.png,downloaded,outputs/latest/review_files/athlete_image_approval_pack/downloads/phoenix_mercury/phoenix_mercury_kiana_williams__1643487.png,19767,
phoenix_mercury,phoenix_mercury_alyssa_thomas,Alyssa Thomas,1630461,https://cdn.wnba.com/headshots/wnba/latest/260x190/1630461.png,downloaded,outputs/latest/review_files/athlete_image_approval_pack/downloads/phoenix_mercury/phoenix_mercury_alyssa_thomas__1630461.png,21470,
phoenix_mercury,phoenix_mercury_jovana_nogic,Jovana Nogic,201886,https://cdn.wnba.com/headshots/wnba/latest/260x190/201886.png,downloaded,outputs/latest/review_files/athlete_image_approval_pack/downloads/phoenix_mercury/phoenix_mercury_jovana_nogic__201886.png,20344,
phoenix_mercury,phoenix_mercury_kyara_linskens,Kyara Linskens,203826,https://cdn.wnba.com/headshots/wnba/latest/260x190/203826.png,downloaded,outputs/latest/review_files/athlete_image_approval_pack/downloads/phoenix_mercury/phoenix_mercury_kyara_linskens__203826.png,15292,
phoenix_mercury,phoenix_mercury_sami_whitcomb,Sami Whitcomb,1643505,https://cdn.wnba.com/headshots/wnba/latest/260x190/1643505.png,downloaded,outputs/latest/review_files/athlete_image_approval_pack/downloads/phoenix_mercury/phoenix_mercury_sami_whitcomb__1643505.png,16902,
phoenix_mercury,phoenix_mercury_marta_suarez,Marta Suarez,1642768,https://cdn.wnba.com/headshots/wnba/latest/260x190/1642768.png,downloaded,outputs/latest/review_files/athlete_image_approval_pack/downloads/phoenix_mercury/phoenix_mercury_marta_suarez__1642768.png,13281,
portland_fire,portland_fire_carla_leite,Carla Leite,1642304,https://cdn.wnba.com/headshots/wnba/latest/260x190/1642304.png,downloaded,outputs/latest/review_files/athlete_image_approval_pack/downloads/portland_fire/portland_fire_carla_leite__1642304.png,23054,
portland_fire,portland_fire_jordan_harrison,Jordan Harrison,1643527,https://cdn.wnba.com/headshots/wnba/latest/260x190/1643527.png,downloaded,outputs/latest/review_files/athlete_image_approval_pack/downloads/portland_fire/portland_fire_jordan_harrison__1643527.png,16473,
portland_fire,portland_fire_sarah_ashlee_barker,Sarah Ashlee Barker,1642782,https://cdn.wnba.com/headshots/wnba/latest/260x190/1642782.png,downloaded,outputs/latest/review_files/athlete_image_approval_pack/downloads/portland_fire/portland_fire_sarah_ashlee_barker__1642782.png,20175,
portland_fire,portland_fire_bridget_carleton,Bridget Carleton,1629524,https://cdn.wnba.com/headshots/wnba/latest/260x190/1629524.png,downloaded,outputs/latest/review_files/athlete_image_approval_pack/downloads/portland_fire/portland_fire_bridget_carleton__1629524.png,15900,
portland_fire,portland_fire_teja_oblak,Teja Oblak,1643506,https://cdn.wnba.com/headshots/wnba/latest/260x190/1643506.png,downloaded,outputs/latest/review_files/athlete_image_approval_pack/downloads/portland_fire/portland_fire_teja_oblak__1643506.png,14163,
portland_fire,portland_fire_nyadiew_puoch,Nyadiew Puoch,1642296,https://cdn.wnba.com/headshots/wnba/latest/260x190/1642296.png,downloaded,outputs/latest/review_files/athlete_image_approval_pack/downloads/portland_fire/portland_fire_nyadiew_puoch__1642296.png,22027,
portland_fire,portland_fire_luisa_geiselsoder,Luisa Geiselsoder,1630143,https://cdn.wnba.com/headshots/wnba/latest/260x190/1630143.png,downloaded,outputs/latest/review_files/athlete_image_approval_pack/downloads/portland_fire/portland_fire_luisa_geiselsoder__1630143.png,20864,
portland_fire,portland_fire_megan_gustafson,Megan Gustafson,1629484,https://cdn.wnba.com/headshots/wnba/latest/260x190/1629484.png,downloaded,outputs/latest/review_files/athlete_image_approval_pack/downloads/portland_fire/portland_fire_megan_gustafson__1629484.png,21789,
portland_fire,portland_fire_frieda_buhner,Frieda Buhner,1643494,https://cdn.wnba.com/headshots/wnba/latest/260x190/1643494.png,downloaded,outputs/latest/review_files/athlete_image_approval_pack/downloads/portland_fire/portland_fire_frieda_buhner__1643494.png,16291,
portland_fire,portland_fire_emily_engstler,Emily Engstler,1631083,https://cdn.wnba.com/headshots/wnba/latest/260x190/1631083.png,downloaded,outputs/latest/review_files/athlete_image_approval_pack/downloads/portland_fire/portland_fire_emily_engstler__1631083.png,16324,
portland_fire,portland_fire_serah_williams,Serah Williams,1643436,https://cdn.wnba.com/headshots/wnba/latest/260x190/1643436.png,downloaded,outputs/latest/review_files/athlete_image_approval_pack/downloads/portland_fire/portland_fire_serah_williams__1643436.png,19730,
portland_fire,portland_fire_karlie_samuelson,Karlie Samuelson,1628317,https://cdn.wnba.com/headshots/wnba/latest/260x190/1628317.png,downloaded,outputs/latest/review_files/athlete_image_approval_pack/downloads/portland_fire/portland_fire_karlie_samuelson__1628317.png,21877,
portland_fire,portland_fire_holly_winterburn,Holly Winterburn,1641683,https://cdn.wnba.com/headshots/wnba/latest/260x190/1641683.png,downloaded,outputs/latest/review_files/athlete_image_approval_pack/downloads/portland_fire/portland_fire_holly_winterburn__1641683.png,19997,
seattle_storm,seattle_storm_natisha_hiedeman,Natisha Hiedeman,1629567,https://cdn.wnba.com/headshots/wnba/latest/260x190/1629567.png,downloaded,outputs/latest/review_files/athlete_image_approval_pack/downloads/seattle_storm/seattle_storm_natisha_hiedeman__1629567.png,15666,
seattle_storm,seattle_storm_flau_jae_johnson,Flau'jae Johnson,1643428,https://cdn.wnba.com/headshots/wnba/latest/260x190/1643428.png,downloaded,outputs/latest/review_files/athlete_image_approval_pack/downloads/seattle_storm/seattle_storm_flau_jae_johnson__1643428.png,22962,
seattle_storm,seattle_storm_taylor_thierry,Taylor Thierry,1642814,https://cdn.wnba.com/headshots/wnba/latest/260x190/1642814.png,downloaded,outputs/latest/review_files/athlete_image_approval_pack/downloads/seattle_storm/seattle_storm_taylor_thierry__1642814.png,17106,
seattle_storm,seattle_storm_jade_melbourne,Jade Melbourne,1631141,https://cdn.wnba.com/headshots/wnba/latest/260x190/1631141.png,downloaded,outputs/latest/review_files/athlete_image_approval_pack/downloads/seattle_storm/seattle_storm_jade_melbourne__1631141.png,15197,
seattle_storm,seattle_storm_zia_cooke,Zia Cooke,1641660,https://cdn.wnba.com/headshots/wnba/latest/260x190/1641660.png,downloaded,outputs/latest/review_files/athlete_image_approval_pack/downloads/seattle_storm/seattle_storm_zia_cooke__1641660.png,23906,
seattle_storm,seattle_storm_awa_fam,Awa Fam,1643443,https://cdn.wnba.com/headshots/wnba/latest/260x190/1643443.png,downloaded,outputs/latest/review_files/athlete_image_approval_pack/downloads/seattle_storm/seattle_storm_awa_fam__1643443.png,19817,
seattle_storm,seattle_storm_ezi_magbegor,Ezi Magbegor,1629496,https://cdn.wnba.com/headshots/wnba/latest/260x190/1629496.png,downloaded,outputs/latest/review_files/athlete_image_approval_pack/downloads/seattle_storm/seattle_storm_ezi_magbegor__1629496.png,21329,
seattle_storm,seattle_storm_dominique_malonga,Dominique Malonga,1642798,https://cdn.wnba.com/headshots/wnba/latest/260x190/1642798.png,downloaded,outputs/latest/review_files/athlete_image_approval_pack/downloads/seattle_storm/seattle_storm_dominique_malonga__1642798.png,15538,
seattle_storm,seattle_storm_taina_mair,Taina Mair,1643473,https://cdn.wnba.com/headshots/wnba/latest/260x190/1643473.png,downloaded,outputs/latest/review_files/athlete_image_approval_pack/downloads/seattle_storm/seattle_storm_taina_mair__1643473.png,15474,
seattle_storm,seattle_storm_jordan_horston,Jordan Horston,1641651,https://cdn.wnba.com/headshots/wnba/latest/260x190/1641651.png,downloaded,outputs/latest/review_files/athlete_image_approval_pack/downloads/seattle_storm/seattle_storm_jordan_horston__1641651.png,13818,
seattle_storm,seattle_storm_stefanie_dolson,Stefanie Dolson,203828,https://cdn.wnba.com/headshots/wnba/latest/260x190/203828.png,downloaded,outputs/latest/review_files/athlete_image_approval_pack/downloads/seattle_storm/seattle_storm_stefanie_dolson__203828.png,17670,
seattle_storm,seattle_storm_katie_lou_samuelson,Katie Lou Samuelson,1629478,https://cdn.wnba.com/headshots/wnba/latest/260x190/1629478.png,downloaded,outputs/latest/review_files/athlete_image_approval_pack/downloads/seattle_storm/seattle_storm_katie_lou_samuelson__1629478.png,15840,
seattle_storm,seattle_storm_mackenzie_holmes,Mackenzie Holmes,1642307,https://cdn.wnba.com/headshots/wnba/latest/260x190/1642307.png,downloaded,outputs/latest/review_files/athlete_image_approval_pack/downloads/seattle_storm/seattle_storm_mackenzie_holmes__1642307.png,18272,
